id,hash,time,timezoneOffset,created,edited,isPublic,isTrack,distance,s,elapsedTime,elevationUp,elevationDown,elevationUpFile,elevationDownFile,altitudeSource,climbScore,percentageHilly,uphillEfficiency,downhillEfficiency,vam,kcal,pulseAvg,pulseMax,recoveryHr,maxHeartRateDropFrom,maxHeartRateDrop,vo2max,vo2maxByTime,vo2maxWithElevation,useVO2max,fitVO2maxEstimate,fitRecoveryTime,fitTrimp,fitHrvAnalysis,fitTrainingEffect,fitAnaerobicTrainingEffect,fitPerformanceCondition,fitPerformanceConditionEnd,fitFtp,fitSweatLoss,fitDeveloperSessionFields,rpe,subjectiveFeeling,trimp,cadence,gap,xPace,xGap,aerobicDecouplingPace,aerobicDecouplingPower,power,powerWithZero,airPower,isPowerCalculated,xPower,xPowerWithZero,wPrimeBalancePowerAvg,wPrimeBalancePowerMin,wPrimeBalancePaceAvg,wPrimeBalancePaceMin,staminaAvg,staminaMin,staminaPotentialAvg,staminaPotentialMin,requiredCriticalPower,requiredCriticalPace,requiredCriticalPaceVo2max,impactLoadFactorAvg,stepSpeedLossAvg,zoneDistributionPace,zoneDistributionHr,zoneDistributionPower,totalStrokes,swolf,wheelSize,poolLength,strideLength,groundcontact,groundcontactBalance,verticalOscillation,verticalRatio,avgImpactGsLeft,avgImpactGsRight,avgBrakingGsLeft,avgBrakingGsRight,avgFootstrikeTypeLeft,avgFootstrikeTypeRight,avgPronationExcursionLeft,avgPronationExcursionRight,avgLegSpringStiffness,avgFormPower,avgRespiratoryRate,avgLeftRightBalance,avgLeftTorqueEffectiveness,avgRightTorqueEffectiveness,avgLeftPedalSmoothness,avgRightPedalSmoothness,avgPlatformCenterOffsetLeft,avgPlatformCenterOffsetRight,avgLeftPowerPhaseStartAngle,avgLeftPowerPhaseEndAngle,avgLeftPowerPhasePeakStartAngle,avgLeftPowerPhasePeakEndAngle,avgRightPowerPhaseStartAngle,avgRightPowerPhaseEndAngle,avgRightPowerPhasePeakStartAngle,avgRightPowerPhasePeakEndAngle,cyclingTotalGrit,cyclingTotalGrit2,cyclingAvgFlow,jumps,percentageRiderPositionSeated,numGearChangeEvents,avgGearRatio,peakEpoc,peakEpocEstimate,temperature,windSpeed,windDeg,humidity,cloudCover,pressure,uvIndex,ozone,isNight,weatherid,weatherSource,routeName,hasTrackdata,isVirtual,splits,splitsCustom,title,partner,notes,creator,creatorDetails,deviceId,source,externalId,lock,sportid,typeid,unique_route_id,accountid,hrv_id,original_file,hrv_avgRR,hrv_rmssd,hrv_sdsd,hrv_sdnn,hrv_sdnn5min,hrv_pnn50,hrv_pnn20,hrv_percentageAnomalies,hrv_dfaA1Avg,hrv_dfaA1Min,hrv_dfaA1Max,hrv_dfaA1PAboveAet,hrv_dfaA1PBelowAnt,hrv_dfaA1PValid,hrv_dfaA1PArtifacts,hrv_estimatedAetPower,hrv_estimatedAetPowerFeasible,hrv_estimatedAetPace,hrv_estimatedAetPaceFeasible,hrv_estimatedAetHr,hrv_estimatedAetHrFeasible,race_officialDistance,race_officialTime,race_officialAscent,race_officialDescent,race_officiallyMeasured,race_name,race_placeTotal,race_placeGender,race_placeAgeclass,race_participantsTotal,race_participantsGender,race_participantsAgeclass,race_priorityLevel,race_status,race_accountid,race_activity_id,race_race_event_id,tags,climbs,equipmentIds
160836701,f0e2026f-06be-4a83-9d14-c4dc8f7fafb9,1767338963,-480,1767371719,,1,0,7.0,3182,3229,,,,,0,,,,,,454,162.0,179.0,153.0,179.0,26.0,31.65,23.73,31.65,1,47.48,1728.0,138.0,,3.7,0.0,,100.0,,667.0,,11.0,3.0,110,86.0,,8.22,,2.1,3.9,173.0,172.0,,0.0,173.0,172.0,,,,,,,,,171.0,2.17,22.43,,,"100,0,0,0,0,0,0,0,0","1,2,37,60,0","1,99,0,0,0",,,,,77.0,269.0,,77.0,100.0,,,,,,,,,,,,,,,,,,,,,,,,,,,,,,,,,,,23.1,,,,,,,,,,1,,,1,1,U1.609|12:19-U1.609|12:02-U1.609|11:45-U1.609|11:26-U0.795|5:30,,トレッドミル,,,4574,Garmin Forerunner 570,726.0,3,21421792854.0,0,1181996,1297494.0,,171191,,135667317.0,,,,,,,,,,,,,,,,,,,,,,,,,,,,,,,,,,,,,,,,,
160964924,73eb4b02-f85c-4e18-83d0-5cdb425947a1,1767425874,-480,1767459056,,1,0,8.05,3226,3284,,,,,0,,,,,,458,164.0,184.0,114.0,178.0,24.0,36.38,27.94,36.38,1,47.48,2160.0,156.0,,3.8,0.0,,100.0,,694.0,,17.0,3.0,115,87.0,,8.84,,9.9,7.7,180.0,177.0,,0.0,183.0,183.0,,,,,,,,,190.0,2.38,25.38,,,"59,37,4,0,0,0,0,0,0","0,4,32,57,6","5,79,16,0,0",,,,,86.0,259.0,,75.0,87.0,,,,,,,,,,,,,,,,,,,,,,,,,,,,,,,,,,,26.0,,,,,,,,,,1,,,1,1,U1.609|12:06-U0.286|2:07-U1.609|10:22-U1.609|10:17-U1.609|10:10-U0.031|0:11-U0.963|8:33,,トレッドミル,,,4574,Garmin Forerunner 570,726.0,3,21432436323.0,0,1181996,1297494.0,,171191,,135877764.0,,,,,,,,,,,,,,,,,,,,,,,,,,,,,,,,,,,,,,,,,
161114192,71ad5fd9-9edd-475c-b05f-2642f32e1f16,1767507195,-480,1767536439,,1,0,1.05,403,403,4.0,0.0,3.0,0.0,0,0.0,0.0,,,,62,170.0,184.0,,,,36.41,25.04,36.75,1,47.48,1222.0,33.0,,2.1,0.0,,100.0,,80.0,,,,16,86.0,9.46,9.37,9.48,5.6,5.3,198.0,195.0,,0.0,198.0,198.0,,,,,,,,,175.0,1.82,17.79,,,"25,72,3,0,0,0,0,0,0","0,6,8,66,21","1,75,23,0,0",,,,,91.0,260.0,,81.0,89.0,,,,,,,,,,,,,,,,,,,,,,,,,,,,,,,,,,,25.2,,,,,,,,,,1,,,1,0,,,トラックラン,,,4574,Garmin Forerunner 570,726.0,3,21441073403.0,0,1181996,1297494.0,,171191,,136047535.0,,,,,,,,,,,,,,,,,,,,,,,,,,,,,,,,,,,,,,,,,
161313393,f067f1e6-08be-4c14-af4c-646d38dd4cbd,1767592443,-480,1767624027,,1,0,5.79,2569,2621,,,,,0,,,,,,364,160.0,179.0,142.0,176.0,7.0,33.2,24.13,33.2,1,47.48,1454.0,127.0,,3.5,0.0,,100.0,,560.0,,9.0,3.0,87,85.0,,8.33,,5.1,7.5,177.0,174.0,,0.0,177.0,176.0,,,,,,,,,175.0,2.18,22.58,,,"100,0,0,0,0,0,0,0,0","3,5,28,64,0","2,98,0,0,0",,,,,80.0,270.0,,79.0,99.0,,,,,,,,,,,,,,,,,,,,,,,,,,,,,,,,,,,21.3,,,,,,,,,,1,,,1,1,U1.609|12:42-U1.609|11:33-U1.609|11:15-U1.050|7:19,,トレッドミル,,,4574,Garmin Forerunner 570,726.0,3,21450882442.0,0,1181996,1297494.0,,171191,,136245103.0,,,,,,,,,,,,,,,,,,,,,,,,,,,,,,,,,,,,,,,,,
161532321,f00dad14-0ee0-4024-bee9-1134d0278106,1767680041,-480,1767712297,,1,0,8.06,3298,3408,,,,,0,,,,,,496,170.0,188.0,,181.0,20.0,33.62,27.25,33.62,1,47.48,2304.0,189.0,,4.1,0.1,,100.0,,688.0,,17.0,3.0,133,87.0,,8.98,,8.0,7.6,183.0,182.0,,0.0,187.0,186.0,,,,,,,,,194.0,2.43,25.97,,,"63,13,24,0,0,0,0,0,0","0,4,19,54,23","4,66,30,0,0",,,,,84.0,260.0,,76.0,90.0,,,,,,,,,,,,,,,,,,,,,,,,,,,,,,,,,,,29.0,,,,,,,,,,1,,,1,1,U1.609|12:12-U0.043|0:18-U0.069|0:26-U0.229|1:33-U0.089|0:34-U0.236|1:46-U0.487|2:59-U0.150|1:02-U0.497|2:59-U0.146|1:03-U0.495|2:58-U0.143|1:01-U0.506|3:07-U0.121|0:51-U0.494|2:59-U0.141|1:01-U0.501|3:00-U0.144|1:00-U0.508|3:03-U1.413|11:06,,トレッドミル,,,4574,Garmin Forerunner 570,726.0,3,21462030306.0,0,1181996,1297494.0,,171191,,136475554.0,,,,,,,,,,,,,,,,,,,,,,,,,,,,,,,,,,,,,,,,,
161738735,4d3af3af-f1c4-4d0f-a437-d6641979744d,1767768042,-480,1767799894,,1,0,6.2,2768,2768,,,,,0,,,,,,406,164.0,178.0,146.0,177.0,8.0,31.8,24.05,31.8,1,47.48,2016.0,145.0,,3.7,0.0,,100.0,,575.0,,11.0,3.0,101,86.0,,8.43,,3.1,4.7,177.0,176.0,,0.0,177.0,177.0,,,,,,,,,175.0,2.21,22.94,,,"99,1,0,0,0,0,0,0,0","1,3,31,65,0","1,99,0,0,0",,,,,78.0,267.0,,77.0,99.0,,,,,,,,,,,,,,,,,,,,,,,,,,,,,,,,,,,22.3,,,,,,,,,,1,,,1,1,U1.609|12:03-U1.609|11:45-U1.609|11:06-U1.609|11:09-U0.015|0:06,,トレッドミル,,,4574,Garmin Forerunner 570,726.0,3,21472633085.0,0,1181996,1297494.0,,171191,,136684370.0,,,,,,,,,,,,,,,,,,,,,,,,,,,,,,,,,,,,,,,,,
161956846,6b609452-d485-4d6b-99f3-f0d5777e87bc,1767854948,-480,1767886202,,1,0,4.72,2384,2384,,,,,0,,,,,,282,149.0,169.0,,163.0,26.0,31.13,20.26,31.13,1,47.48,1222.0,80.0,,3.0,0.0,,100.0,,409.0,,9.0,2.0,66,80.0,,7.35,,14.3,9.7,146.0,145.0,,0.0,156.0,155.0,,,,,,,,,160.0,1.97,19.74,,,"100,0,0,0,0,0,0,0,0","1,25,43,31,0","20,80,0,0,0",,,,,74.0,274.0,,72.0,97.0,,,,,,,,,,,,,,,,,,,,,,,,,,,,,,,,,,,16.6,,,,,,,,,,1,,,1,1,U1.609|13:05-U1.609|12:24-U0.887|6:40-U0.556|7:35,,トレッドミル,,,4574,Garmin Forerunner 570,726.0,3,21482952617.0,0,1181996,1297494.0,,171191,,136898069.0,,,,,,,,,,,,,,,,,,,,,,,,,,,,,,,,,,,,,,,,,
162267705,c9e9f1ba-07ae-4e8d-a020-2235daa80bb3,1768035305,-480,1768069798,,1,0,13.74,5521,5619,109.0,109.0,118.0,119.0,0,0.2,0.24,1.04,1.0,,789,166.0,182.0,,178.0,14.0,35.63,29.04,35.98,1,47.38,2218.0,179.0,103.0,4.0,0.0,103.0,95.0,,849.0,,13.0,3.0,205,88.0,9.02,9.01,9.06,1.8,-1.7,198.0,197.0,,0.0,200.0,200.0,,,,,,,,,208.0,2.47,26.5,,,"60,37,3,0,0,0,0,0,0","0,2,12,86,0","1,60,39,0,0",,,,,85.0,261.0,,77.0,91.0,,,,,,,,,,,,,,,,,,,,,,,,,,,,,,,,,,,22.9,8.0,14.0,50.0,77.0,30.0,1033.0,1.0,,0.0,2,4.0,San Francisco,1,0,U1.609|11:08-U1.609|10:52-U1.609|10:44-U1.609|10:36-U1.609|10:43-U1.609|11:34-U1.609|10:28-U1.609|10:35-U0.865|5:22,,San Francisco ラン,,,4574,Garmin Forerunner 570,726.0,3,21505051070.0,0,1181996,1297494.0,7708308.0,171191,,137210583.0,,,,,,,,,,,,,,,,,,,,,,,,,,,,,,,,,,,,,,,,,
162506158,0fc0ac29-e26c-4242-8aa2-6e55b63d138b,1768206792,-480,1768238611,,1,0,7.33,2892,2975,40.0,35.0,50.0,42.0,0,0.0,0.19,1.11,1.01,,412,162.0,181.0,,172.0,15.0,37.75,28.28,38.04,1,47.36,1406.0,130.0,102.0,3.4,0.4,102.0,98.0,,445.0,,11.0,3.0,102,88.0,9.19,9.18,9.25,2.9,5.0,199.0,198.0,,0.0,201.0,200.0,,,,,,,,,200.0,2.41,25.68,,,"57,26,13,3,1,0,0,0,0","1,5,24,70,0","1,64,34,1,0",,,,,86.0,258.0,,77.0,90.0,,,,,,,,,,,,,,,,,,,,,,,,,,,,,,,,,,,22.6,7.0,13.0,9.0,86.0,6.0,1027.0,1.0,,0.0,2,4.0,San Francisco,1,0,U1.609|10:56-U1.609|10:49-U1.609|10:41-U1.609|10:32-U0.639|3:43-U0.098|0:27-U0.040|0:26-U0.108|0:34-U0.010|0:05,,San Francisco ラン,,,4574,Garmin Forerunner 570,726.0,3,21524278421.0,0,1181996,1297494.0,7708100.0,171191,,137458180.0,,,,,,,,,,,,,,,,,,,,,,,,,,,,,,,,,,,,,,,,,
162638001,042a72f3-a93b-4dca-aeb4-e7ebbcd6214f,1768291920,-480,1768324603,1768326830.0,1,0,10.01,3759,3789,35.0,35.0,55.0,52.0,0,0.0,0.1,1.03,0.95,,557,166.0,182.0,,180.0,23.0,38.75,30.7,38.92,1,47.9,2160.0,181.0,101.0,4.0,0.0,101.0,102.0,,613.0,,17.0,3.0,144,89.0,9.62,9.68,9.71,4.7,5.0,209.0,208.0,,0.0,211.0,210.0,,,,,,,,,216.0,2.6,28.29,,,"38,19,31,10,1,0,0,0,0","1,1,21,76,1","1,38,61,0,0",,,,,90.0,254.0,,78.0,87.0,,,,,,,,,,,,,,,,,,,,,,,,,,,,,,,,,,,23.8,8.0,14.0,54.0,81.0,6.0,1026.0,1.0,,0.0,2,4.0,San Francisco,1,0,W1.609|10:56-W0.837|5:33-I0.526|3:00-R0.113|0:45-I0.531|3:00-R0.113|0:45-I0.525|3:00-R0.097|0:45-I0.533|3:00-R0.105|0:45-I0.526|3:00-R0.097|0:45-I0.533|3:00-R0.095|0:45-I0.526|3:00-R0.097|0:45-I0.538|3:00-C1.609|10:39-C0.993|6:15,,"San Francisco - 8 x 3min, 45 recovery",,,4574,Garmin Forerunner 570,726.0,3,21535258938.0,0,1181996,1297496.0,7708481.0,171191,,137590321.0,,,,,,,,,,,,,,,,,,,,,,,,,,,,,,,,,,,,,,,,,
162763576,e728a4a4-6ef5-4855-ab6a-1a69d4b8b874,1768379412,-480,1768411708,,1,0,8.72,3410,3410,28.0,28.0,50.0,50.0,0,0.0,0.16,0.98,0.94,,500,165.0,181.0,,166.0,17.0,37.18,28.95,37.32,1,47.89,2023.0,150.0,100.0,3.7,0.0,100.0,98.0,,591.0,,13.0,3.0,125,89.0,9.23,9.24,9.27,2.9,2.7,197.0,197.0,,0.0,199.0,199.0,,,,,,,,,200.0,2.45,26.35,,,"43,51,5,0,0,0,0,0,0","1,1,20,78,0","1,67,32,0,0",,,,,86.0,258.0,,77.0,90.0,,,,,,,,,,,,,,,,,,,,,,,,,,,,,,,,,,,22.0,8.0,11.0,19.0,78.0,5.0,1025.0,1.0,,0.0,2,4.0,San Francisco,1,0,U1.609|11:00-U1.609|10:53-U1.609|10:10-U1.609|10:15-U1.609|10:24-U0.670|4:09,,San Francisco ラン,,,4574,Garmin Forerunner 570,726.0,3,21546737387.0,0,1181996,1297494.0,7708124.0,171191,,137713373.0,,,,,,,,,,,,,,,,,,,,,,,,,,,,,,,,,,,,,,,,,
162891658,30cfa915-444a-481b-8eb3-58385ed3b694,1768464960,-480,1768497827,1768500132.0,1,0,10.64,3996,3996,28.0,32.0,47.0,50.0,0,0.0,0.11,1.0,0.95,,593,167.0,183.0,,170.0,32.0,38.4,30.84,38.5,1,48.27,2448.0,185.0,101.0,4.0,0.1,101.0,103.0,,652.0,,17.0,3.0,153,89.0,9.59,9.71,9.73,3.5,5.0,207.0,206.0,,0.0,210.0,210.0,,,,,,,,,215.0,2.63,28.82,,,"50,16,14,17,2,0,0,0,0","1,2,15,82,1","1,46,52,0,0",,,,,90.0,253.0,,77.0,86.0,,,,,,,,,,,,,,,,,,,,,,,,,,,,,,,,,,,24.1,11.0,11.0,20.0,80.0,,1020.0,2.0,,0.0,2,5.0,San Francisco,1,0,W1.609|10:56-W0.813|5:23-I0.549|3:00-R0.145|1:00-I0.386|2:00-R0.444|3:00-I0.538|3:00-R0.151|1:00-I0.373|2:00-R0.447|3:00-I0.547|3:00-R0.143|1:00-I0.378|2:00-R0.446|3:00-I0.536|3:00-R0.138|1:00-I0.386|2:00-C1.609|10:49-C1.003|6:29,,"San Francisco - 4 x 3 min, 2 min",,,4574,Garmin Forerunner 570,726.0,3,21557258085.0,0,1181996,1297496.0,7708333.0,171191,,137838321.0,,,,,,,,,,,,,,,,,,,,,,,,,,,,,,,,,,,,,,,,,
163019333,4b03df56-73a2-4ed2-b515-d533c95db3a4,1768552687,-480,1768585964,,1,0,9.68,4115,4115,37.0,40.0,52.0,54.0,0,0.0,0.12,1.04,0.98,,545,158.0,170.0,,158.0,23.0,35.65,26.39,35.8,1,48.17,1518.0,99.0,98.0,3.1,0.0,98.0,96.0,,675.0,,11.0,3.0,134,88.0,8.48,8.5,8.52,3.7,4.3,184.0,183.0,,0.0,185.0,185.0,,,,,,,,,184.0,2.27,23.83,,,"97,3,0,0,0,0,0,0,0","1,3,43,53,0","2,84,14,0,0",,,,,80.0,262.0,,75.0,94.0,,,,,,,,,,,,,,,,,,,,,,,,,,,,,,,,,,,16.4,11.0,19.0,55.0,70.0,0.0,1019.0,1.0,,0.0,2,4.0,San Francisco,1,0,U1.609|11:29-U1.609|11:42-U1.609|11:33-U1.609|11:12-U1.609|11:20-U1.609|11:10-U0.023|0:10,,San Francisco ラン,,,4574,Garmin Forerunner 570,726.0,3,21567971130.0,0,1181996,1297494.0,7708150.0,171191,,137956927.0,,,,,,,,,,,,,,,,,,,,,,,,,,,,,,,,,,,,,,,,,
163150548,923c95b9-3ae4-4c60-b740-83dea9b36592,1768640640,-480,1768676594,1768676858.0,1,0,17.98,6961,7054,64.0,59.0,92.0,85.0,0,0.0,0.11,1.03,0.97,,996,164.0,177.0,,158.0,11.0,37.96,31.0,38.15,1,48.19,2592.0,210.0,100.0,4.2,0.0,100.0,98.0,,1218.0,,18.0,3.0,255,90.0,9.33,9.31,9.35,2.0,2.8,200.0,200.0,,0.0,201.0,201.0,,,,,,,,,203.0,2.54,27.54,,,"35,61,3,0,0,0,0,0,0","0,2,17,81,0","0,60,40,0,0",,,,,86.0,254.0,,75.0,87.0,,,,,,,,,,,19.0,,,,,,,,,,,,,,,,,,,,,,,,21.1,11.0,21.0,41.0,77.0,89.0,1021.0,1.0,,0.0,4,4.0,San Francisco,1,0,U1.609|11:16-U1.609|10:17-U1.609|10:22-U1.609|10:20-U1.609|10:25-U1.609|10:16-U1.609|10:19-U1.609|10:13-U1.609|10:21-U1.609|10:20-U1.609|10:12-U0.274|1:38,,San Francisco ラン,,,4574,Garmin Forerunner 570,726.0,3,21579596913.0,0,1181996,1297500.0,7708165.0,171191,,138086019.0,,,,,,,,,,,,,,,,,,,,,,,,,,,,,,,,,,,,,,,,,
163441986,85a753d6-3ddc-45b2-b4cd-9f878251b694,1768813020,-480,1768847004,1768855032.0,1,0,13.05,5014,5070,42.0,42.0,65.0,65.0,0,0.0,0.12,1.03,0.97,,711,157.0,180.0,,152.0,16.0,40.78,30.52,40.94,1,48.39,2016.0,181.0,100.0,3.9,0.0,100.0,103.0,,842.0,,16.0,3.0,166,90.0,9.4,9.49,9.53,-1.0,1.0,201.0,201.0,,0.0,204.0,204.0,,,,,,,,,218.0,2.62,28.59,,,"43,34,16,6,0,0,0,0,0","1,7,46,46,0","0,52,47,0,0",,,,,87.0,254.0,,76.0,87.0,,,,,,,,,,,,,,,,,,,,,,,,,,,,,,,,,,,25.2,11.0,11.0,46.0,78.0,7.0,1020.0,1.0,,0.0,2,4.0,San Francisco,1,0,U1.609|12:06-U1.609|11:03-U1.609|10:38-U1.609|10:13-U1.609|9:54-U1.609|9:26-U1.609|8:50-U1.609|10:19-U0.177|1:06,,San Francisco ラン,,,4574,Garmin Forerunner 570,726.0,3,21599772839.0,0,1181996,1892881.0,7708188.0,171191,,138368939.0,,,,,,,,,,,,,,,,,,,,,,,,,,,,,,,,,,,,,,,,,
163561479,5d41e245-6b6c-483f-949c-ef275a5cae7c,1768896911,-480,1768929728,,1,0,9.69,3896,3967,39.0,38.0,57.0,54.0,0,0.0,0.13,1.03,1.01,,527,152.0,169.0,,152.0,14.0,40.27,28.23,40.48,1,48.58,1396.0,103.0,103.0,3.2,0.0,103.0,101.0,,583.0,,11.0,3.0,114,89.0,8.99,8.99,9.02,0.7,2.1,194.0,193.0,,0.0,195.0,195.0,,,,,,,,,197.0,2.4,25.6,,,"74,20,4,1,1,0,0,0,0","1,6,77,16,0","1,72,28,0,0",,,,,84.0,258.0,,75.0,89.0,,,,,,,,,,,,,,,,,,,,,,,,,,,,,,,,,,,15.1,8.0,16.0,35.0,85.0,95.0,1020.0,1.0,,0.0,4,4.0,San Francisco,1,0,U1.609|11:28-U1.609|11:05-U1.609|10:58-U1.609|10:42-U0.429|2:55-U0.079|0:23-U0.087|0:35-U0.078|0:24-U0.065|0:28-U0.083|0:24-U0.071|0:32-U0.087|0:25-U1.609|10:31-U0.660|4:04,,San Francisco ラン,,,4574,Garmin Forerunner 570,726.0,3,21610066344.0,0,1181996,1297494.0,7708150.0,171191,,138484208.0,,,,,,,,,,,,,,,,,,,,,,,,,,,,,,,,,,,,,,,,,
163695461,88024b6b-92cb-40ad-9ba8-dd205020fe02,1768985160,-480,1769018456,1769018993.0,1,0,11.76,4404,4421,38.0,32.0,49.0,46.0,0,0.0,0.1,0.99,,,650,162.0,183.0,,164.0,16.0,40.29,31.21,40.48,1,48.88,2160.0,188.0,102.0,4.0,0.0,102.0,104.0,,694.0,,18.0,3.0,157,89.0,9.66,9.81,9.84,5.3,5.1,207.0,205.0,,0.0,210.0,209.0,,,,,,,,,219.0,2.7,29.72,,,"49,15,7,24,4,0,0,0,0","1,5,26,67,0","2,45,53,0,0",,,,,90.0,253.0,,77.0,86.0,,,,,,,,,,,,,,,,,,,,,,,,,,,,,,,,,,,25.0,10.0,6.0,12.0,83.0,97.0,1019.0,1.0,,0.0,4,4.0,San Francisco,1,0,W1.609|11:13-W0.811|5:45-I0.555|3:00-R0.146|1:00-I0.386|2:00-R0.148|1:00-I0.195|1:00-R0.428|3:00-I0.562|3:00-R0.143|1:00-I0.377|2:00-R0.145|1:00-I0.195|1:00-R0.418|3:00-I0.563|3:00-R0.151|1:00-I0.386|2:00-R0.142|1:00-I0.195|1:00-R0.443|3:00-I0.575|3:00-R0.145|1:00-I0.386|2:00-R0.142|1:00-I0.200|1:00-C1.609|10:45-C0.721|4:40,,"San Francisco - 4 x (3min, 2min, 1 min)",,,4574,Garmin Forerunner 570,726.0,3,21621523839.0,0,1181996,1297496.0,7708118.0,171191,,138613943.0,,,,,,,,,,,,,,,,,,,,,,,,,,,,,,,,,,,,,,,,,
163801822,7baaa88c-8719-4ab8-a3f9-e25ba224e8b6,1769071277,-480,1769104687,,1,0,9.55,4266,4266,32.0,36.0,45.0,52.0,0,0.0,0.13,1.02,0.99,,516,147.0,164.0,,155.0,14.0,36.93,24.83,37.07,1,48.68,1285.0,67.0,98.0,2.7,0.0,98.0,94.0,,596.0,,7.0,3.0,113,87.0,8.07,8.07,8.09,2.8,4.5,175.0,175.0,,0.0,176.0,176.0,,,,,,,,,175.0,2.15,22.21,,,"100,0,0,0,0,0,0,0,0","1,6,90,3,0","0,94,6,0,0",,,,,77.0,268.0,,74.0,96.0,,,,,,,,,,,,,,,,,,,,,,,,,,,,,,,,,,,13.0,11.0,4.0,76.0,86.0,17.0,1017.0,1.0,,0.0,2,4.0,San Francisco,1,0,U1.609|12:06-U1.609|12:14-U1.609|12:12-U1.609|11:57-U1.609|11:52-U1.500|10:44,,San Francisco ラン,,,4574,Garmin Forerunner 570,726.0,3,21631937141.0,0,1181996,1297494.0,7708150.0,171191,,138717068.0,,,,,,,,,,,,,,,,,,,,,,,,,,,,,,,,,,,,,,,,,
163909541,603b7f65-2b6c-410e-a590-a800ff998a14,1769155765,-480,1769187409,,1,0,6.55,2711,2801,33.0,31.0,41.0,39.0,0,0.0,0.18,1.09,1.02,,358,148.0,167.0,,154.0,18.0,40.24,26.48,40.51,1,48.7,1106.0,78.0,100.0,2.9,0.0,100.0,100.0,,446.0,,9.0,3.0,74,89.0,8.74,8.74,8.79,0.6,1.5,188.0,187.0,,0.0,189.0,189.0,,,,,,,,,192.0,2.29,24.12,,,"78,20,2,0,0,0,0,0,0","2,14,77,7,0","0,80,19,0,0",,,,,81.0,260.0,,75.0,93.0,,,,,,,,,,,,,,,,,,,,,,,,,,,,,,,,,,,14.2,10.0,5.0,60.0,93.0,91.0,1015.0,1.0,,0.0,4,4.0,San Francisco,1,0,U1.609|12:00-U1.609|11:20-U1.609|10:49-U1.609|10:23-U0.110|0:39,,San Francisco ラン,,,4574,Garmin Forerunner 570,726.0,3,21641510083.0,0,1181996,1297494.0,7708097.0,171191,,138829548.0,,,,,,,,,,,,,,,,,,,,,,,,,,,,,,,,,,,,,,,,,
164042853,aedef4c5-1525-4146-b3e3-2d62316f5294,1769247480,-480,1769285125,1769285591.0,1,0,21.28,8618,8744,145.0,139.0,164.0,158.0,0,0.1,0.21,1.03,1.01,173.0,1186,160.0,176.0,,161.0,15.0,37.19,29.72,37.52,1,48.71,2448.0,205.0,102.0,4.2,0.0,102.0,96.0,,1459.0,,16.0,3.0,286,90.0,8.94,8.9,8.97,5.0,4.1,193.0,193.0,,0.0,194.0,194.0,,,,,,,,,206.0,2.45,26.27,,,"79,21,0,0,0,0,0,0,0","0,2,44,54,0","0,73,27,0,0",,,,,82.0,257.0,,74.0,90.0,,,,,,,,,,,,,,,,,,,,,,,,,,,,,,,,,,,19.5,13.0,8.0,48.0,63.0,0.0,1016.0,3.0,,0.0,2,4.0,San Francisco,1,0,U1.609|11:17-U1.609|10:55-U1.609|10:51-U1.609|10:31-U1.609|10:25-U1.609|11:02-U1.609|11:11-U1.609|11:06-U1.609|10:50-U1.609|10:50-U1.609|10:46-U1.609|10:50-U1.609|10:52-U0.344|2:13,,San Francisco ラン,,,4574,Garmin Forerunner 570,726.0,3,21653566625.0,0,1181996,1297500.0,7708615.0,171191,,138959690.0,,,,,,,,,,,,,,,,,,,,,,,,,,,,,,,,,,,,,,,,5,
164263762,cf54ae7d-6309-4aa4-b733-c4a25c94ae5a,1769416580,-480,1769448963,,1,0,8.67,3537,3537,37.0,32.0,53.0,49.0,0,0.0,0.12,1.03,1.01,,486,153.0,173.0,,157.0,15.0,39.21,27.5,39.44,1,48.75,1280.0,102.0,102.0,3.2,0.0,102.0,97.0,,526.0,,9.0,3.0,106,88.0,8.87,8.85,8.9,3.2,4.0,193.0,193.0,,0.0,194.0,194.0,,,,,,,,,196.0,2.35,24.93,,,"85,10,4,0,0,0,0,0,0","1,5,76,19,0","0,75,25,0,0",,,,,84.0,261.0,,77.0,92.0,,,,,,,,,,,,,,,,,,,,,,,,,,,,,,,,,,,17.8,8.0,13.0,55.0,86.0,16.0,1025.0,1.0,,0.0,2,4.0,San Francisco,1,0,U1.609|11:22-U1.609|11:12-U1.609|11:01-U1.609|11:01-U1.609|10:32-U0.623|3:49,,San Francisco ラン,,,4574,Garmin Forerunner 570,726.0,3,21671636061.0,0,1181996,1297494.0,7708124.0,171191,,139154945.0,,,,,,,,,,,,,,,,,,,,,,,,,,,,,,,,,,,,,,,,,
164382838,d9d3bbe7-0843-4695-91d1-cee28f7eb07c,1769502526,-480,1769536012,,1,0,10.76,4269,4269,41.0,40.0,54.0,53.0,0,0.0,0.11,1.02,0.98,,607,158.0,182.0,149.0,168.0,15.0,38.84,28.92,39.02,1,48.85,1584.0,148.0,101.0,3.6,0.0,101.0,100.0,,655.0,,11.0,3.0,141,90.0,9.09,9.17,9.2,6.8,5.6,196.0,196.0,,0.0,199.0,199.0,,,,,,,,,210.0,2.45,26.27,,,"79,11,2,5,4,0,0,0,0","1,4,39,56,0","0,71,28,0,0",,,,,84.0,257.0,,75.0,89.0,,,,,,,,,,,,,,,,,,,,,,,,,,,,,,,,,,,20.4,9.0,6.0,60.0,84.0,91.0,1025.0,1.0,,0.0,4,4.0,San Francisco,1,0,U1.609|11:24-U1.121|7:49-U0.194|1:00-U0.449|3:00-U0.183|1:00-U0.439|3:00-U0.191|1:00-U0.452|3:00-U0.196|1:00-U0.452|3:00-U0.199|1:00-U0.445|3:00-U0.197|1:00-U0.446|3:00-U0.200|1:00-U1.609|11:00-U1.609|10:57-U0.767|5:00,,"San Francisco - 28 min of 1' on, 3' off",,,4574,Garmin Forerunner 570,726.0,3,21682235869.0,0,1181996,1297494.0,7708368.0,171191,,139263972.0,,,,,,,,,,,,,,,,,,,,,,,,,,,,,,,,,,,,,,,,,
164513459,09543b51-149d-4759-940d-e5cd58b3b51d,1769588460,-480,1769622724,1769622945.0,1,0,13.89,5082,5082,32.0,28.0,64.0,59.0,0,0.0,0.09,1.01,,,779,167.0,186.0,,184.0,14.0,39.66,32.49,39.79,1,48.93,2880.0,236.0,102.0,4.5,0.0,102.0,99.0,,934.0,,17.0,3.0,195,90.0,9.87,9.91,9.94,4.1,4.2,209.0,209.0,,0.0,211.0,211.0,,,,,,,,,216.0,2.72,29.95,,,"22,19,57,2,0,0,0,0,0","0,3,17,73,7","0,27,72,0,0",,,,,91.0,250.0,,77.0,85.0,,,,,,,,,,,,,,,,,,,,,,,,,,,,,,,,,,,27.5,11.0,6.0,3.0,92.0,49.0,1029.0,1.0,,0.0,3,4.0,San Francisco,1,0,W1.609|11:19-W0.658|4:30-I1.609|9:32-I1.609|9:24-I1.609|9:23-I1.609|9:21-I1.609|9:18-I1.609|9:19-C1.609|10:22-C0.357|2:14,,San Francisco ラン,,,4574,Garmin Forerunner 570,726.0,3,21693087069.0,0,1181996,1297497.0,7708310.0,171191,,139385517.0,,,,,,,,,,,,,,,,,,,,,,,,,,,,,,,,,,,,,,,,,
164615241,d6e29424-66c0-465e-8e75-88af8a803daf,1769675703,-480,1769708341,,1,0,8.71,3752,3790,35.0,35.0,51.0,50.0,0,0.0,0.19,1.05,1.0,,482,151.0,163.0,,157.0,14.0,37.3,25.76,37.48,1,48.92,1589.0,78.0,100.0,2.9,0.0,100.0,95.0,,590.0,,9.0,3.0,107,89.0,8.38,8.37,8.4,4.9,4.5,180.0,180.0,,0.0,181.0,181.0,,,,,,,,,179.0,2.22,23.16,,,"98,2,0,0,0,0,0,0,0","1,5,90,4,0","0,91,9,0,0",,,,,78.0,262.0,,73.0,94.0,,,,,,,,,,,,,,,,,,,,,,,,,,,,,,,,,,,13.2,10.0,8.0,19.0,79.0,26.0,1027.0,1.0,,0.0,2,4.0,San Francisco,1,0,U1.609|11:30-U1.609|11:28-U1.609|11:45-U1.609|11:39-U1.609|11:31-U0.660|4:39,,San Francisco ラン,,,4574,Garmin Forerunner 570,726.0,3,21703043484.0,0,1181996,1297494.0,7708140.0,171191,,139480205.0,,,,,,,,,,,,,,,,,,,,,,,,,,,,,,,,,,,,,,,,,
164732296,c14d6d54-233d-47f1-865e-6255d5e40da8,1769761647,-480,1769791654,,1,0,2.66,1147,1150,25.0,20.0,32.0,29.0,0,0.3,0.32,0.98,0.97,,158,152.0,165.0,,164.0,9.0,36.92,23.83,37.44,1,48.97,758.0,45.0,104.0,2.3,0.0,104.0,101.0,,190.0,,7.0,3.0,33,86.0,8.54,8.44,8.57,7.4,7.1,186.0,185.0,,0.0,188.0,188.0,,,,,,,,,180.0,2.06,20.97,,,"89,6,4,0,1,0,0,0,0","1,12,71,16,0","1,74,25,0,0",,,,,81.0,267.0,,76.0,94.0,,,,,,,,,,,,,,,,,,,,,,,,,,,,,,,,,,,13.0,9.0,13.0,26.0,82.0,39.0,1027.0,0.0,,0.0,3,4.0,San Francisco,1,0,U1.609|11:48-U1.053|7:18,,San Francisco ラン,,,4574,Garmin Forerunner 570,726.0,3,21712187944.0,0,1181996,1297494.0,7708228.0,171191,,139588900.0,,,,,,,,,,,,,,,,,,,,,,,,,,,,,,,,,,,,,,,,,
164856478,09fa13d4-64e0-4f4a-b37d-c64017b0aea7,1769849520,-480,1769886630,1769887072.0,1,0,21.1,8021,8036,68.0,61.0,105.0,98.0,0,0.0,0.08,1.02,,,1200,169.0,180.0,,170.0,11.0,37.17,32.07,37.33,1,48.85,3524.0,265.0,97.0,4.7,0.0,97.0,95.0,,1413.0,,18.0,3.0,314,91.0,9.5,9.49,9.52,1.4,2.1,201.0,201.0,,0.0,202.0,202.0,,,,,,,,,206.0,2.61,28.44,,,"20,70,10,0,0,0,0,0,0","0,2,6,92,0","0,55,45,0,0",,,,,87.0,252.0,,76.0,87.0,,,,,,,,,,,,,,,,,,,,,,,,,,,,,,,,,,,24.0,11.0,3.0,45.0,90.0,,1024.0,1.0,,0.0,3,5.0,San Francisco,1,0,W1.609|11:20-I1.609|10:20-I1.609|10:18-I1.609|10:14-I1.609|10:10-I1.609|10:07-I1.609|10:03-I1.609|10:03-I1.609|10:09-I1.609|10:08-I1.609|10:06-I1.609|9:55-I1.609|9:46-I0.174|1:02,,San Francisco ラン,,,4574,Garmin Forerunner 570,726.0,3,21723727198.0,0,1181996,1297500.0,7708356.0,171191,,139698617.0,,,,,,,,,,,,,,,,,,,,,,,,,,,,,,,,,,,,,,,,,
165087345,04477c35-9508-4b53-b2d0-83d94448f356,1770021600,-480,1770055877,1770056589.0,1,0,14.82,5356,5399,39.0,38.0,55.0,51.0,0,0.0,0.08,1.04,,,805,164.0,182.0,,149.0,18.0,41.36,33.15,41.5,1,49.07,2880.0,227.0,100.0,4.4,0.0,100.0,104.0,,941.0,,18.0,3.0,200,91.0,9.99,10.24,10.26,7.1,7.1,212.0,211.0,,0.0,217.0,217.0,,,,,,,,,224.0,2.85,31.77,,,"45,5,5,40,5,0,0,0,0","1,7,21,70,1","1,41,59,0,0",,,,,91.0,248.0,,77.0,85.0,,,,,,,,,,,18.0,,,,,,,,,,,,,,,,,,,,,,,,26.2,11.0,3.0,84.0,78.0,27.0,1023.0,1.0,,0.0,2,4.0,San Francisco,1,0,W1.609|11:32-W0.731|5:06-I1.012|5:18-R0.291|2:01-I1.006|5:11-R0.584|4:01-I1.012|5:19-R0.286|2:01-I1.001|5:12-R0.550|4:01-I1.006|5:22-R0.285|2:01-I1.006|5:14-R0.563|4:00-I1.003|5:20-R0.290|2:01-I1.006|5:12-C1.576|10:23,,San Francisco ラン,,,4574,Garmin Forerunner 570,726.0,3,21742986385.0,0,1181996,1297497.0,7708145.0,171191,,139902647.0,,,,,,,,,,,,,,,,,,,,,,,,,,,,,,,,,,,,,,,,,
165193916,c0a7d7b7-6e31-49c2-87e3-1fb08e49c64d,1770106489,-480,1770138158,,1,0,6.63,2799,2830,36.0,34.0,47.0,43.0,0,0.0,0.15,1.01,0.98,,362,146.0,160.0,,150.0,13.0,39.96,25.88,40.25,1,49.06,1510.0,62.0,101.0,2.6,0.0,101.0,98.0,,426.0,,9.0,3.0,73,88.0,8.57,8.54,8.6,3.3,4.6,187.0,187.0,,0.0,188.0,188.0,,,,,,,,,186.0,2.23,23.31,,,"95,4,0,0,0,0,0,0,0","1,13,86,0,0","0,81,19,0,0",,,,,81.0,264.0,,76.0,94.0,,,,,,,,,,,,,,,,,,,,,,,,,,,,,,,,,,,11.6,9.0,13.0,21.0,83.0,3.0,1025.0,0.0,,0.0,2,4.0,San Francisco,1,0,U1.609|11:29-U1.609|11:25-U1.609|11:19-U1.609|11:05-U0.192|1:21,,San Francisco ラン,,,4574,Garmin Forerunner 570,726.0,3,21752885792.0,0,1181996,1297494.0,7708097.0,171191,,139995494.0,,,,,,,,,,,,,,,,,,,,,,,,,,,,,,,,,,,,,,,,,
165334837,1e272321-f842-472d-bf4d-6df0446737ff,1770193943,-480,1770226084,,1,0,8.16,3301,3301,38.0,40.0,48.0,49.0,0,0.0,0.15,1.01,1.0,,460,155.0,175.0,,158.0,15.0,38.93,27.66,39.14,1,49.06,1280.0,103.0,99.0,3.2,0.0,99.0,99.0,,551.0,,9.0,3.0,104,89.0,8.92,8.95,8.97,3.4,3.5,193.0,193.0,,0.0,195.0,195.0,,,,,,,,,195.0,2.36,25.01,,,"80,13,3,2,3,0,0,0,0","1,4,65,30,0","0,75,25,0,0",,,,,83.0,260.0,,76.0,92.0,,,,,,,,,,,,,,,,,,,,,,,,,,,,,,,,,,,18.6,11.0,9.0,32.0,82.0,4.0,1024.0,1.0,,0.0,2,4.0,San Francisco,1,0,U1.609|11:38-U1.609|11:12-U0.340|2:22-U0.109|0:32-U0.088|0:38-U0.107|0:33-U0.125|0:49-U0.110|0:31-U0.093|0:43-U0.106|0:32-U0.139|0:56-U0.088|0:27-U1.609|10:46-U1.609|10:40-U0.415|2:41,,San Francisco ラン,,,4574,Garmin Forerunner 570,726.0,3,21764210661.0,0,1181996,1297494.0,7708577.0,171191,,140111585.0,,,,,,,,,,,,,,,,,,,,,,,,,,,,,,,,,,,,,,,,,
165469452,ff9c6ec5-bc9c-4a95-965a-fdc0b686d9a3,1770280680,-480,1770314670,1770314764.0,1,0,13.15,4812,4974,41.0,35.0,47.0,42.0,0,0.0,0.11,1.04,0.95,,734,166.0,184.0,,153.0,17.0,40.01,32.34,40.18,1,49.17,2880.0,245.0,101.0,4.5,0.0,101.0,101.0,,899.0,,18.0,3.0,186,90.0,9.88,10.02,10.04,6.5,7.6,214.0,213.0,,0.0,217.0,217.0,,,,,,,,,228.0,2.82,31.47,,,"34,16,23,27,1,0,0,0,0","1,7,20,63,9","1,33,65,0,0",,,,,91.0,248.0,,77.0,85.0,,,,,,,,,,,,,,,,,,,,,,,,,,,,,,,,,,,28.8,11.0,10.0,43.0,85.0,10.0,1019.0,1.0,,0.0,2,4.0,San Francisco,1,0,W1.609|11:15-W1.019|7:02-I1.207|6:36-R0.146|1:00-I1.207|6:40-R0.145|1:00-I1.207|6:37-R0.134|1:00-I1.207|6:36-R0.143|1:00-I1.207|6:30-R0.134|1:00-I1.207|6:29-C1.609|11:03-C1.004|6:23,,San Francisco - 6 x 1200m @ 90-92% 5K,,,4574,Garmin Forerunner 570,726.0,3,21775021462.0,0,1181996,1297496.0,7708143.0,171191,,140230678.0,,,,,,,,,,,,,,,,,,,,,,,,,,,,,,,,,,,,,,,,,
165570242,a74d32b7-2522-4afe-85dc-57f4f4d99655,1770367211,-480,1770399622,,1,0,8.26,3487,3568,35.0,40.0,47.0,49.0,0,0.0,0.17,1.04,1.0,,457,150.0,164.0,,162.0,11.0,38.58,26.29,38.76,1,49.12,1610.0,76.0,99.0,2.9,0.0,99.0,96.0,,586.0,,9.0,3.0,98,89.0,8.55,8.56,8.58,1.1,1.7,184.0,183.0,,0.0,185.0,184.0,,,,,,,,,185.0,2.26,23.68,,,"93,7,0,0,0,0,0,0,0","1,6,89,4,0","0,89,11,0,0",,,,,80.0,262.0,,74.0,93.0,,,,,,,,,,,,,,,,,,,,,,,,,,,,,,,,,,,13.0,13.0,3.0,352.0,85.0,9.0,1020.0,1.0,,0.0,2,4.0,San Francisco,1,0,U1.609|11:50-U1.609|11:32-U1.609|11:29-U1.609|10:54-U1.609|10:56-U0.218|1:26,,San Francisco ラン,,,4574,Garmin Forerunner 570,726.0,3,21784830070.0,0,1181996,1297494.0,7708124.0,171191,,140318912.0,,,,,,,,,,,,,,,,,,,,,,,,,,,,,,,,,,,,,,,,,
165702291,21856bb2-91b2-499f-ac9b-dfa8a532c77a,1770456000,-480,1770495157,1770495391.0,1,0,25.07,10104,10247,160.0,152.0,193.0,184.0,0,0.3,0.24,1.02,0.98,,1382,158.0,174.0,,167.0,21.0,38.09,30.22,38.41,1,49.11,2743.0,223.0,100.0,4.3,0.0,100.0,97.0,,1777.0,,16.0,2.0,329,90.0,8.99,8.96,9.03,5.6,5.0,193.0,192.0,,0.0,194.0,194.0,,,,,,,,,203.0,2.49,26.79,,,"70,30,1,0,0,0,0,0,0","0,3,50,46,0","0,75,25,0,0",,,,,83.0,257.0,,74.0,89.0,,,,,,,,,,,,,,,,,,,,,,,,,,,,,,,,,,,19.3,15.0,3.0,301.0,74.0,36.0,1026.0,3.0,,0.0,2,4.0,San Francisco,1,0,U1.609|11:26-U1.609|10:55-U1.609|10:54-U1.609|10:43-U1.609|10:39-U1.609|10:52-U1.609|10:17-U1.609|10:17-U1.609|10:22-U1.609|10:30-U1.609|11:08-U1.609|11:12-U1.609|11:03-U1.609|10:59-U1.609|10:53-U0.932|6:14,,San Francisco ラン,,,4574,Garmin Forerunner 570,726.0,3,21796767303.0,0,1181996,1297500.0,7708179.0,171191,,140433988.0,,,,,,,,,,,,,,,,,,,,,,,,,,,,,,,,,,,,,,,,,
165937582,994a6db5-5b5f-40e1-9a95-c435bfe40f9d,1770624840,-480,1770659295,1770659749.0,1,0,15.08,5464,5522,42.0,34.0,50.0,43.0,0,0.0,0.08,0.98,,,834,164.0,177.0,,176.0,21.0,41.22,33.09,41.39,1,49.19,3168.0,247.0,100.0,4.6,0.0,100.0,101.0,,887.0,,18.0,3.0,204,91.0,9.97,10.04,10.07,4.6,5.6,211.0,210.0,,0.0,212.0,212.0,,,,,,,,,217.0,2.77,30.71,,,"21,10,63,5,0,0,0,0,0","1,5,15,78,0","1,21,79,0,0",,,,,91.0,248.0,,76.0,84.0,,,,,,,,,,,,,,,,,,,,,,,,,,,,,,,,,,,22.9,11.0,11.0,30.0,84.0,96.0,1023.0,1.0,,0.0,4,4.0,San Francisco,1,0,W1.609|11:29-W0.538|3:44-I1.609|9:19-I1.609|9:19-I1.609|9:19-I1.609|9:11-I1.609|9:14-I1.609|9:09-I1.609|9:10-C1.609|10:47-C0.056|0:23,,San Francisco ラン,,,4574,Garmin Forerunner 570,726.0,3,21815505862.0,0,1181996,1297497.0,7708145.0,171191,,140646665.0,,,,,,,,,,,,,,,,,,,,,,,,,,,,,,,,,,,,,,,,,
166048866,995d5a25-a030-4e29-a74f-1cafa58f9f08,1770712003,-480,1770744381,,1,0,8.13,3475,3530,41.0,36.0,52.0,45.0,0,0.0,0.12,1.03,1.0,,445,148.0,160.0,,160.0,13.0,38.67,25.87,38.94,1,49.14,1751.0,70.0,98.0,2.7,0.0,98.0,95.0,,549.0,,9.0,2.0,95,88.0,8.48,8.45,8.5,2.7,3.7,185.0,185.0,,0.0,187.0,186.0,,,,,,,,,184.0,2.24,23.38,,,"96,3,0,0,0,0,0,0,0","1,7,92,0,0","0,84,15,0,0",,,,,80.0,263.0,,74.0,93.0,,,,,,,,,,,,,,,,,,,,,,,,,,,,,,,,,,,11.6,10.0,6.0,51.0,72.0,80.0,1009.0,1.0,,0.0,4,4.0,San Francisco,1,0,U1.609|11:37-U1.609|11:28-U1.609|11:35-U1.609|11:26-U1.609|11:13-U0.086|0:37,,San Francisco ラン,,,4574,Garmin Forerunner 570,726.0,3,21826217557.0,0,1181996,1297494.0,7708248.0,171191,,140747444.0,,,,,,,,,,,,,,,,,,,,,,,,,,,,,,,,,,,,,,,,,
166162862,b2ec2fc7-5b0f-42f1-960e-61711959ded8,1770798731,-480,1770830986,,1,0,8.32,3383,3401,43.0,43.0,47.0,46.0,0,0.0,0.1,1.02,0.98,,471,154.0,171.0,,148.0,21.0,39.02,27.53,39.27,1,49.17,1338.0,105.0,100.0,3.2,0.0,100.0,100.0,,575.0,,9.0,3.0,104,88.0,8.89,8.9,8.93,2.1,0.2,193.0,193.0,,0.0,195.0,195.0,,,,,,,,,200.0,2.36,25.01,,,"79,16,2,2,1,0,0,0,0","1,7,66,26,0","1,70,29,0,0",,,,,84.0,261.0,,77.0,92.0,,,,,,,,,,,,,,,,,,,,,,,,,,,,,,,,,,,16.9,12.0,20.0,169.0,87.0,32.0,1012.0,1.0,,0.0,2,4.0,San Francisco,1,0,U1.609|11:39-U1.609|10:58-U1.609|11:02-U0.684|4:40-U0.073|0:23-U0.079|0:33-U0.075|0:24-U0.088|0:37-U0.083|0:26-U0.161|1:10-U0.080|0:23-U0.100|0:41-U0.080|0:24-U1.609|10:33-U0.382|2:29,,San Francisco ラン,,,4574,Garmin Forerunner 570,726.0,3,21837183473.0,0,1181996,1297494.0,7708248.0,171191,,140851047.0,,,,,,,,,,,,,,,,,,,,,,,,,,,,,,,,,,,,,,,,,
166267171,9e190d6c-318c-49b1-b959-285ed6b354d0,1770885420,-480,1770921412,1770924109.0,1,0,14.5,5421,5468,34.0,32.0,62.0,60.0,0,0.0,0.1,1.0,0.95,,813,164.0,181.0,,180.0,22.0,39.66,31.79,39.78,1,49.18,2880.0,239.0,100.0,4.5,0.0,100.0,100.0,,900.0,,18.0,2.0,200,91.0,9.66,9.79,9.82,2.1,3.4,204.0,204.0,,0.0,208.0,207.0,,,,,,,,,219.0,2.74,30.33,,,"34,18,38,10,0,0,0,0,0","1,5,30,64,0","2,36,62,0,0",,,,,88.0,249.0,,74.0,84.0,,,,,,,,,,,,,,,,,,,,,,,,,,,,,,,,,,,25.7,12.0,8.0,53.0,82.0,12.0,1024.0,2.0,,0.0,2,4.0,San Francisco,1,0,I1.609|11:49-I1.609|10:56-I1.609|10:16-I1.609|9:32-I1.609|9:16-I1.609|9:09-I1.609|9:09-I1.609|8:50-C1.609|11:16-C0.018|0:07,,San Francisco ラン,,,4574,Garmin Forerunner 570,726.0,3,21847908011.0,0,1181996,1892881.0,7708402.0,171191,,140941226.0,,,,,,,,,,,,,,,,,,,,,,,,,,,,,,,,,,,,,,,,,
166390888,df6efd84-6126-4455-8795-dc48aea6162b,1770972610,-480,1771004860,,1,0,8.24,3399,3407,30.0,30.0,40.0,42.0,0,0.0,0.17,1.01,1.0,,446,145.0,161.0,,149.0,16.0,41.49,27.03,41.67,1,49.2,1454.0,75.0,102.0,2.9,0.0,102.0,100.0,,557.0,,9.0,3.0,88,89.0,8.75,8.74,8.77,2.8,3.3,187.0,187.0,,0.0,188.0,188.0,,,,,,,,,188.0,2.31,24.34,,,"91,8,1,0,0,0,0,0,0","1,16,82,1,0","0,85,15,0,0",,,,,82.0,260.0,,75.0,91.0,,,,,,,,,,,,,,,,,,,,,,,,,,,,,,,,,,,11.7,12.0,3.0,230.0,88.0,78.0,1021.0,1.0,,0.0,4,4.0,San Francisco,1,0,U1.609|11:30-U1.609|11:01-U1.609|11:10-U1.609|10:56-U1.609|10:48-U0.191|1:15,,San Francisco ラン,,,4574,Garmin Forerunner 570,726.0,3,21857710511.0,0,1181996,1297494.0,7708239.0,171191,,141054964.0,,,,,,,,,,,,,,,,,,,,,,,,,,,,,,,,,,,,,,,,,
166516205,2f67d446-000d-489b-abbb-958c285628b8,1771061700,-480,1771099972,1771100206.0,1,0,25.78,9349,9356,71.0,67.0,116.0,110.0,0,0.0,0.06,,,,1377,161.0,176.0,,163.0,21.0,42.28,34.39,42.43,1,49.31,3744.0,272.0,103.0,4.8,0.0,103.0,101.0,,1615.0,,18.0,3.0,328,92.0,9.95,9.95,9.98,3.0,3.5,210.0,210.0,,0.0,211.0,211.0,,,,,,,,,216.0,2.75,30.4,,,"7,42,51,1,0,0,0,0,0","0,3,35,62,0","0,20,79,0,0",,,,,90.0,247.0,,76.0,84.0,,,,,,,,,,,,,,,,,,,,,,,,,,,,,,,,,,,21.4,12.0,10.0,194.0,79.0,95.0,1018.0,2.0,,0.0,4,4.0,San Francisco,1,0,W1.609|11:04-I1.609|9:45-I1.609|9:52-I1.609|9:51-I1.609|9:49-I1.609|9:51-I1.609|9:41-I1.609|9:37-I1.609|9:38-I1.609|9:37-I1.609|9:34-I1.609|9:30-I1.609|9:28-I1.609|9:27-I1.609|9:30-I1.609|9:25-I0.031|0:11,,San Francisco ラン,,,4574,Garmin Forerunner 570,726.0,3,21869266067.0,0,1181996,1297500.0,7708103.0,171191,,141168766.0,,,,,,,,,,,,,,,,,,,,,,,,,,,,,,,,,,,,,,,,,
166747968,365fb941-a273-4aba-b7c8-304238ee8716,1771235029,-480,1771267443,,1,0,8.21,3396,3557,38.0,22.0,51.0,39.0,0,0.0,0.15,1.07,0.98,,446,145.0,160.0,,158.0,14.0,41.35,26.94,41.68,1,49.34,1222.0,78.0,100.0,2.9,0.0,100.0,100.0,,502.0,,9.0,3.0,89,87.0,8.78,8.71,8.82,6.3,5.0,191.0,189.0,,0.0,192.0,190.0,,,,,,,,,190.0,2.31,24.42,,,"92,8,0,0,0,0,0,0,0","2,11,86,0,0","1,81,18,0,0",,,,,83.0,263.0,,77.0,93.0,,,,,,,,,,,,,,,,,,,,,,,,,,,,,,,,,,,11.4,10.0,10.0,77.0,88.0,98.0,1003.0,1.0,,0.0,6,4.0,San Francisco,1,0,U1.609|11:18-U1.609|11:10-U1.609|11:03-U1.609|11:04-U1.609|10:57-U0.161|1:04,,San Francisco ラン,,,4574,Garmin Forerunner 570,726.0,3,21888432836.0,0,1181996,1297494.0,7708124.0,171191,,141361487.0,,,,,,,,,,,,,,,,,,,,,,,,,,,,,,,,,,,,,,,,,
166986648,600321ff-3fc2-4eae-b913-c7fc6cbd7d02,1771401600,-480,1771435103,1771436805.0,1,0,12.17,4378,4601,34.0,36.0,32.0,34.0,0,0.0,0.06,,0.88,,681,167.0,183.0,,155.0,13.0,40.5,32.79,40.63,1,49.38,2736.0,234.0,101.0,4.4,0.0,101.0,100.0,,667.0,,17.0,2.0,171,91.0,10.03,10.17,10.18,4.0,4.4,212.0,210.0,,0.0,214.0,213.0,,,,,,,,,221.0,2.81,31.24,,,"26,16,30,28,0,0,0,0,0","1,5,24,68,3","2,24,74,0,0",,,,,92.0,247.0,,76.0,83.0,,,,,,,,,,,,,,,,,,,,,,,,,,,,,,,,,,,26.3,7.0,19.0,308.0,79.0,90.0,1015.0,1.0,,0.0,4,4.0,San Francisco,1,0,W1.609|11:08-W1.078|7:26-I1.207|6:35-I0.402|2:25-I1.207|6:32-I0.402|2:27-I1.207|6:33-I0.402|2:26-I1.207|6:36-I0.402|2:24-I1.207|6:33-C0.026|0:11-C1.609|10:06-C0.253|1:38,,"San Francisco - 5 x 1200, 400 recovery",,,4574,Garmin Forerunner 570,726.0,3,21909201588.0,0,1181996,1297496.0,7735824.0,171191,,141577741.0,,,,,,,,,,,,,,,,,,,,,,,,,,,,,,,,,,,,,,,,,
167113511,f1a7ba14-c759-4ff9-9651-31f513105103,1771492851,-480,1771524949,,1,0,8.08,3221,3221,41.0,44.0,56.0,58.0,0,0.0,0.1,0.99,0.97,,465,155.0,167.0,,167.0,13.0,39.64,28.13,39.87,1,49.44,1872.0,112.0,102.0,3.3,0.0,102.0,100.0,,454.0,,9.0,2.0,101,89.0,9.05,9.05,9.08,1.9,3.2,201.0,200.0,,0.0,203.0,203.0,,,,,,,,,205.0,2.4,25.53,,,"60,40,0,0,0,0,0,0,0","1,4,68,27,0","1,48,51,0,0",,,,,85.0,258.0,,77.0,91.0,,,,,,,,,,,,,,,,,,,,,,,,,,,,,,,,,,,15.7,8.0,28.0,298.0,79.0,78.0,1007.0,1.0,,0.0,11,4.0,San Francisco,1,0,U1.609|11:19-U1.609|10:39-U1.609|10:37-U1.609|10:22-U1.609|10:32-U0.031|0:13,,San Francisco ラン,,,4574,Garmin Forerunner 570,726.0,3,21920158680.0,0,1181996,1297494.0,7708577.0,171191,,141690406.0,,,,,,,,,,,,,,,,,,,,,,,,,,,,,,,,,,,,,,,,,
167230039,e5366ca0-aa75-4208-98b0-ef10321835d0,1771577992,-480,1771610082,,1,0,8.12,3206,3241,36.0,29.0,53.0,47.0,0,0.0,0.17,1.05,1.0,,441,146.0,164.0,,160.0,24.0,43.41,28.47,43.7,1,49.54,1280.0,90.0,103.0,3.1,0.0,103.0,101.0,,487.0,,9.0,3.0,81,89.0,9.18,9.14,9.23,4.5,3.0,196.0,195.0,,0.0,198.0,197.0,,,,,,,,,199.0,2.42,25.83,,,"53,42,4,0,0,0,0,0,0","1,18,78,3,0","1,71,28,0,0",,,,,85.0,256.0,,75.0,88.0,,,,,,,,,,,,,,,,,,,,,,,,,,,,,,,,,,,11.3,7.0,8.0,63.0,78.0,72.0,1019.0,1.0,,0.0,4,4.0,San Francisco,1,0,U1.609|11:00-U1.609|10:47-U1.609|10:34-U1.609|10:14-U1.609|10:24-U0.073|0:26,,San Francisco ラン,,,4574,Garmin Forerunner 570,726.0,3,21930158760.0,0,1181996,1297494.0,7708577.0,171191,,141797753.0,,,,,,,,,,,,,,,,,,,,,,,,,,,,,,,,,,,,,,,,,
167365797,ab289a8d-5de8-4cd0-bdbe-41fe09d80a3f,1771665360,-480,1771700955,1771701136.0,1,0,18.6,6586,6707,57.0,54.0,91.0,89.0,0,0.0,0.07,1.03,,,1010,161.0,173.0,,149.0,13.0,43.56,34.58,43.73,1,49.67,3168.0,253.0,103.0,4.6,0.0,103.0,101.0,,1115.0,,17.0,3.0,227,92.0,10.2,10.22,10.26,4.7,4.5,218.0,217.0,,0.0,220.0,219.0,,,,,,,,,226.0,2.81,31.32,,,"12,14,66,8,0,0,0,0,0","1,5,25,68,0","0,14,85,0,0",,,,,92.0,245.0,,77.0,84.0,,,,,,,,,,,,,,,,,,,,,,,,,,,,,,,,,,,19.4,10.0,14.0,140.0,70.0,75.0,1020.0,2.0,,0.0,4,4.0,San Francisco,1,0,W1.609|10:55-W0.805|5:09-I1.609|9:16-I1.609|9:15-I1.609|9:14-I1.609|9:19-I1.609|9:15-I1.609|9:14-I1.609|9:12-I1.609|9:05-I1.609|9:03-C1.609|10:14-C0.100|0:36,,San Francisco ラン,,,4574,Garmin Forerunner 570,726.0,3,21941572488.0,0,1181996,1297500.0,7778944.0,171191,,141919175.0,,,,,,,,,,,,,,,,,,,,,,,,,,,,,,,,,,,,,,,,,
167641766,1397ac60-6a2b-4f22-9af2-f118299dfb16,1771836784,-480,1771869310,,1,0,8.78,3643,3676,32.0,30.0,48.0,45.0,0,0.0,0.11,1.07,1.0,,494,150.0,166.0,,161.0,16.0,39.42,26.97,39.61,1,49.65,1232.0,87.0,102.0,3.0,0.0,102.0,97.0,,629.0,,9.0,3.0,99,89.0,8.71,8.69,8.73,4.8,5.1,187.0,186.0,,0.0,187.0,187.0,,,,,,,,,188.0,2.31,24.34,,,"94,6,0,0,0,0,0,0,0","1,10,83,5,0","0,86,14,0,0",,,,,81.0,261.0,,75.0,93.0,,,,,,,,,,,,,,,,,,,,,,,,,,,,,,,,,,,13.1,12.0,5.0,93.0,85.0,86.0,1024.0,1.0,,0.0,4,4.0,San Francisco,1,0,U1.609|11:36-U1.609|11:05-U1.609|11:16-U1.609|10:59-U1.609|10:57-U0.732|4:50,,San Francisco ラン,,,4574,Garmin Forerunner 570,726.0,3,21961135475.0,0,1181996,1297494.0,,171191,,142165680.0,,,,,,,,,,,,,,,,,,,,,,,,,,,,,,,,,,,,,,,,,
167770160,ee7280b1-0897-4756-8f83-b30e7e278378,1771922972,-480,1771955715,,1,0,9.68,3788,3868,41.0,34.0,58.0,48.0,0,0.0,0.13,1.08,0.98,,566,162.0,177.0,,170.0,12.0,38.14,29.15,38.37,1,49.66,1584.0,151.0,100.0,3.6,0.0,100.0,98.0,,739.0,,11.0,3.0,135,90.0,9.25,9.24,9.3,5.3,3.8,198.0,197.0,,0.0,199.0,198.0,,,,,,,,,201.0,2.45,26.35,,,"55,37,3,4,1,0,0,0,0","1,5,27,68,0","1,66,33,0,0",,,,,85.0,255.0,,74.0,87.0,,,,,,,,,,,,,,,,,,,,,,,,,,,,,,,,,,,19.7,16.0,13.0,165.0,82.0,39.0,1018.0,2.0,,0.0,3,4.0,San Francisco,1,0,U1.609|11:07-U1.606|10:39-U0.097|0:30-U0.385|2:30-U0.092|0:30-U0.388|2:30-U0.095|0:30-U0.377|2:30-U0.096|0:30-U0.387|2:30-U0.095|0:30-U0.387|2:30-U0.093|0:30-U0.389|2:30-U0.095|0:30-U0.391|2:30-U0.094|0:30-U1.609|10:40-U1.396|9:11,,San Francisco - easy with 28',,,4574,Garmin Forerunner 570,726.0,3,21972299610.0,0,1181996,1297494.0,,171191,,142280083.0,,,,,,,,,,,,,,,,,,,,,,,,,,,,,,,,,,,,,,,,,
167920759,6b55d6f2-9543-4235-9dc4-1d71529d03e6,1772009340,-480,1772043784,1772219533.0,1,0,14.69,5327,5377,42.0,39.0,54.0,49.0,0,0.0,0.05,1.01,,,830,169.0,188.0,,158.0,25.0,39.42,33.0,39.57,1,49.71,3744.0,261.0,102.0,4.7,0.0,102.0,100.0,,926.0,,18.0,2.0,212,90.0,9.95,10.15,10.18,6.6,5.0,209.0,208.0,,0.0,213.0,213.0,,,,,,,,,221.0,2.82,31.47,,,"34,15,11,38,2,0,0,0,0","0,4,18,63,15","3,37,60,0,0",,,,,92.0,247.0,,76.0,83.0,,,,,,,,,,,,,,,,,,,,,,,,,,,,,,,,,,,29.4,15.0,10.0,220.0,94.0,99.0,1020.0,1.0,,0.0,4,4.0,San Francisco,1,0,W1.609|10:45-W0.813|5:26-I1.609|8:42-I0.391|2:05-R0.595|4:00-I1.609|8:44-I0.391|2:07-R0.583|4:00-I1.609|8:45-I0.391|2:08-R0.592|4:00-I0.998|5:12-R0.415|3:00-I0.998|5:10-C1.609|11:41-C0.463|3:03,,"San Francisco - 3 x 2km, 2 x 1km",,,4574,Garmin Forerunner 570,726.0,3,21984313251.0,0,1181996,1297497.0,,171191,,142414259.0,,,,,,,,,,,,,,,,,,,,,,,,,,,,,,,,,,,,,,,,,
168034452,6b53b2e1-916d-4b4e-b366-78afcaa96c4e,1772094532,-480,1772126826,,1,0,8.06,3443,3443,41.0,40.0,47.0,46.0,0,0.0,0.2,1.04,1.0,,459,153.0,163.0,,163.0,14.0,37.03,25.87,37.27,1,49.7,2385.0,78.0,102.0,2.9,0.0,102.0,94.0,,576.0,,9.0,2.0,102,89.0,8.46,8.46,8.49,1.9,2.6,181.0,180.0,,0.0,182.0,182.0,,,,,,,,,180.0,2.24,23.46,,,"83,16,1,0,0,0,0,0,0","1,4,92,3,0","1,88,11,0,0",,,,,79.0,262.0,,73.0,92.0,,,,,,,,,,,,,,,,,,,,,,,,,,,,,,,,,,,12.4,13.0,5.0,15.0,93.0,89.0,1024.0,1.0,,0.0,9,4.0,San Francisco,1,0,U1.609|11:45-U1.609|11:26-U1.609|11:26-U1.609|11:23-U1.609|11:18-U0.013|0:06,,San Francisco ラン,,,4574,Garmin Forerunner 570,726.0,3,21994685361.0,0,1181996,1297494.0,,171191,,142516247.0,,,,,,,,,,,,,,,,,,,,,,,,,,,,,,,,,,,,,,,,,
168176628,00a8ef36-3f6b-4a08-afc4-bed36c893751,1772181719,-480,1772214149,,1,0,8.32,3477,3577,44.0,39.0,54.0,48.0,0,0.0,0.15,0.99,0.99,,476,154.0,171.0,,164.0,15.0,37.72,26.63,37.99,1,49.67,1356.0,91.0,100.0,3.0,0.0,100.0,95.0,,656.0,,11.0,1.0,105,87.0,8.67,8.68,8.73,4.9,2.8,186.0,184.0,,0.0,188.0,186.0,,,,,,,,,189.0,2.3,24.2,,,"89,6,1,1,4,0,0,0,0","1,5,78,16,0","3,77,20,0,0",,,,,83.0,262.0,,74.0,89.0,,,,,,,,,,,,,,,,,,,,,,,,,,,,,,,,,,,16.7,17.0,6.0,33.0,80.0,65.0,1022.0,2.0,,0.0,4,4.0,San Francisco,1,0,U1.609|11:21-U1.609|10:58-U1.609|11:34-U1.025|7:13-U0.106|0:32-U0.058|0:33-U0.112|0:33-U0.089|0:37-U0.110|0:32-U0.082|0:37-U0.113|0:34-U0.069|0:39-U0.106|0:30-U0.055|0:38-U0.105|0:31-U1.465|10:34,,San Francisco ラン,,,4574,Garmin Forerunner 570,726.0,3,22005581939.0,0,1181996,1297494.0,,171191,,142639036.0,,,,,,,,,,,,,,,,,,,,,,,,,,,,,,,,,,,,,,,,,
168320063,2bd32a04-0f6d-44d4-9c7c-17f833066a8b,1772271240,-480,1772309830,1772340035.0,1,0,24.45,9421,9690,73.0,77.0,114.0,139.0,0,0.0,0.09,1.03,,,1372,163.0,173.0,,164.0,15.0,38.53,31.86,38.66,1,49.61,3780.0,275.0,100.0,4.8,0.0,100.0,96.0,,2030.0,,18.0,1.0,331,91.0,9.36,9.39,9.41,3.6,3.6,197.0,197.0,,0.0,199.0,198.0,,,,,,,,,203.0,2.59,28.22,,,"25,69,7,0,0,0,0,0,0","0,4,18,78,0","1,60,39,0,0",,,,,86.0,253.0,,74.0,86.0,,,,,,,,,,,,,,,,,,,,,,,,,,,,,,,,,,,18.6,19.0,6.0,18.0,75.0,84.0,1015.0,3.0,,0.0,4,4.0,San Francisco,1,0,W1.609|11:26-I1.609|10:04-I1.609|10:04-I1.609|9:58-I1.609|10:00-I1.609|10:09-I1.609|10:04-I1.609|10:07-I1.609|10:01-I1.609|10:11-I1.609|10:07-I1.609|10:15-I1.609|10:30-I1.609|10:22-I1.609|11:43-I0.306|1:59,,San Francisco ラン,,,4574,Garmin Forerunner 570,726.0,3,22018064951.0,0,1181996,1297500.0,,171191,,142765659.0,,,,,,,,,,,,,,,,,,,,,,,,,,,,,,,,,,,,,,,,,
168536052,db02f927-0f09-4bb9-aa99-57a9dad4d6dc,1772439634,-480,1772472900,,1,0,9.22,3905,4000,40.0,37.0,51.0,48.0,0,0.0,0.11,1.04,1.01,,497,143.0,157.0,,146.0,15.0,40.87,26.41,41.1,1,49.61,1222.0,73.0,99.0,2.8,0.0,99.0,98.0,,678.0,,9.0,3.0,97,90.0,8.53,8.51,8.55,3.7,4.3,181.0,181.0,,0.0,182.0,182.0,,,,,,,,,181.0,2.26,23.68,,,"95,4,0,0,0,0,0,0,0","1,24,75,0,0","0,91,8,0,0",,,,,79.0,260.0,,72.0,91.0,,,,,,,,,,,,,,,,,,,,,,,,,,,,,,,,,,,10.8,14.0,8.0,209.0,91.0,59.0,1019.0,2.0,,0.0,3,4.0,San Francisco,1,0,U1.609|11:39-U1.609|11:24-U1.609|11:26-U1.609|11:17-U1.609|11:12-U1.172|8:08,,San Francisco ラン,,,4574,Garmin Forerunner 570,726.0,3,22037810163.0,0,1181996,1297494.0,,171191,,142952872.0,,,,,,,,,,,,,,,,,,,,,,,,,,,,,,,,,,,,,,,,,
168665336,dd34b5c2-1b69-4fa9-9041-70c14ad95039,1772527203,-480,1772559959,,1,0,9.91,3883,3893,36.0,33.0,48.0,45.0,0,0.0,0.1,,0.97,,559,153.0,169.0,,163.0,14.0,41.21,29.16,41.41,1,49.65,1396.0,128.0,102.0,3.4,0.0,102.0,100.0,,665.0,,9.0,3.0,118,91.0,9.23,9.26,9.29,2.4,4.2,195.0,194.0,,0.0,196.0,196.0,,,,,,,,,198.0,2.48,26.64,,,"55,35,4,5,2,0,0,0,0","0,8,66,25,0","0,72,28,0,0",,,,,84.0,253.0,,73.0,87.0,,,,,,,,,,,,,,,,,,,,,,,,,,,,,,,,,,,15.1,14.0,5.0,247.0,86.0,70.0,1021.0,2.0,,0.0,4,4.0,San Francisco,1,0,U1.609|11:43-U0.830|5:46-U0.096|0:30-U0.373|2:30-U0.095|0:30-U0.373|2:30-U0.094|0:30-U0.375|2:30-U0.096|0:30-U0.376|2:30-U0.097|0:30-U0.383|2:30-U0.102|0:30-U0.394|2:30-U0.095|0:30-U0.395|2:30-U0.101|0:30-U1.609|10:22-U1.609|10:26-U0.808|4:55,,San Francisco - easy with 24',,,4574,Garmin Forerunner 570,726.0,3,22049599024.0,0,1181996,1297494.0,,171191,,143071438.0,,,,,,,,,,,,,,,,,,,,,,,,,,,,,,,,,,,,,,,,,
168797339,3d6f60f5-adc5-4380-84d7-69452d2ff452,1772612160,-480,1772646946,1772660024.0,1,0,14.73,5233,5512,28.0,27.0,34.0,31.0,0,0.0,0.05,,,,819,163.0,180.0,,157.0,15.0,42.6,33.79,42.7,1,49.75,2736.0,241.0,103.0,4.4,0.5,103.0,101.0,,994.0,,17.0,3.0,192,92.0,10.16,10.28,10.29,5.0,2.9,221.0,220.0,,0.0,224.0,224.0,,,,,,,,,231.0,2.82,31.39,,,"23,28,14,31,4,0,0,0,0","1,5,25,69,0","1,29,70,0,0",,,,,92.0,244.0,,75.0,82.0,,,,,,,,,,,,,,,,,,,,,,,,,,,,,,,,,,,24.0,13.0,16.0,289.0,85.0,84.0,1022.0,1.0,,0.0,4,4.0,San Francisco,1,0,W1.609|10:55-W1.032|6:40-I0.998|5:17-I0.998|6:12-I0.998|5:18-I0.998|6:22-I0.998|5:20-I0.998|6:22-I0.998|5:21-I0.998|6:26-I0.998|5:19-I0.077|0:47-I0.998|5:07-I0.732|4:44-I0.998|5:24-C0.278|1:38,,"San Francisco - 8 x 1km on, 1km off",,,4574,Garmin Forerunner 570,726.0,3,22061513041.0,0,1181996,1297497.0,,171191,,143186569.0,,,,,,,,,,,,,,,,,,,,,,,,,,,,,,,,,,,,,,,,,
168933891,1c657c7b-c026-40a2-8d2a-c35b2aad0417,1772699629,-480,1772732900,,1,0,9.87,4081,4089,43.0,40.0,62.0,58.0,0,0.0,0.2,1.04,0.99,,545,148.0,163.0,,161.0,14.0,40.29,27.33,40.52,1,49.73,1591.0,89.0,100.0,3.0,0.0,100.0,97.0,,706.0,,9.0,3.0,112,90.0,8.74,8.72,8.77,2.8,4.1,188.0,187.0,,0.0,189.0,189.0,,,,,,,,,188.0,2.33,24.64,,,"93,7,0,0,0,0,0,0,0","1,7,92,1,0","0,82,17,0,0",,,,,81.0,258.0,,73.0,90.0,,,,,,,,,,,,,,,,,,,,,,,,,,,,,,,,,,,12.6,13.0,14.0,346.0,60.0,0.0,1023.0,2.0,,0.0,2,4.0,San Francisco,1,0,U1.609|11:21-U1.609|10:59-U1.609|11:15-U1.609|11:01-U1.609|11:03-U1.609|10:55-U0.214|1:26,,San Francisco ラン,,,4574,Garmin Forerunner 570,726.0,3,22072883537.0,0,1181996,1297494.0,,171191,,143308013.0,,,,,,,,,,,,,,,,,,,,,,,,,,,,,,,,,,,,,,,,,
169067138,16f4abc7-aa0a-4249-821e-b2bb656fa3f1,1772786130,-480,1772818403,,1,0,8.16,3361,3425,43.0,42.0,52.0,50.0,0,0.0,0.15,1.04,0.98,,444,145.0,161.0,,158.0,16.0,41.56,27.06,41.84,1,49.75,1164.0,76.0,102.0,2.9,0.0,102.0,99.0,,582.0,,9.0,3.0,86,89.0,8.78,8.76,8.82,3.8,3.8,186.0,186.0,,0.0,188.0,187.0,,,,,,,,,186.0,2.31,24.42,,,"89,7,1,2,2,0,0,0,0","1,15,84,0,0","2,81,17,0,0",,,,,82.0,258.0,,73.0,89.0,,,,,,,,,,,,,,,,,,,,,,,,,,,,,,,,,,,11.5,14.0,11.0,13.0,46.0,8.0,1022.0,2.0,,0.0,2,4.0,San Francisco,1,0,U1.609|11:23-U1.609|10:55-U1.609|11:12-U1.314|9:05-U0.070|0:21-U0.056|0:23-U0.066|0:21-U0.051|0:26-U0.085|0:26-U0.057|0:30-U0.075|0:23-U0.052|0:29-U0.082|0:25-U0.055|0:32-U0.092|0:26-U1.274|8:42,,San Francisco ラン,,,4574,Garmin Forerunner 570,726.0,3,22083511922.0,0,1181996,1297494.0,,171191,,143426223.0,,,,,,,,,,,,,,,,,,,,,,,,,,,,,,,,,,,,,,,,,
169227139,3bfffbcf-5dec-4ed1-aded-76f20d6f095d,1772876820,-480,1772915640,1772917232.0,1,0,24.51,9395,9595,98.0,91.0,137.0,130.0,0,0.0,0.11,1.0,0.98,,1405,168.0,184.0,,174.0,17.0,37.12,32.07,37.31,1,49.78,4320.0,327.0,101.0,5.0,0.0,101.0,98.0,,2101.0,,18.0,1.0,363,90.0,9.43,9.55,9.58,8.9,7.6,198.0,197.0,,0.0,202.0,201.0,,,,,,,,,211.0,2.68,29.42,,,"34,28,35,3,0,0,0,0,0","0,3,11,85,0","3,47,50,0,0",,,,,87.0,252.0,,74.0,85.0,,,,,,,,,,,,,,,,,,,,,,,,,,,,,,,,,,,24.7,21.0,6.0,315.0,33.0,,1021.0,7.0,,0.0,3,5.0,San Francisco,1,0,W1.609|11:19-W0.274|1:54-I1.609|9:17-I0.391|2:16-R0.998|6:26-I1.609|9:19-I0.391|2:14-R0.998|6:30-I1.609|9:30-I0.391|2:15-R0.998|6:30-I1.609|9:34-I0.391|2:15-R0.998|7:09-I1.609|9:24-I0.391|2:11-R0.998|6:51-I1.609|9:32-I0.391|2:19-R0.998|8:31-I1.609|10:59-I0.391|2:36-R0.998|7:03-I1.609|10:38-I0.014|0:05,,"San Francisco - 8 x 2km, 1km",,,4574,Garmin Forerunner 570,726.0,3,22096402786.0,0,1181996,1297500.0,,171191,,143566018.0,,,,,,,,,,,,,,,,,,,,,,,,,,,,,,,,,,,,,,,,,
169430737,78156d7a-3d19-49cd-a572-f617f68c4a96,1773043008,-420,1773071636,,1,0,8.09,3357,3380,36.0,40.0,45.0,49.0,0,0.0,0.15,1.02,1.0,,434,139.0,161.0,,138.0,20.0,43.41,26.8,43.62,1,49.78,3037.0,67.0,,2.7,0.0,99.0,101.0,,543.0,,9.0,3.0,75,90.0,8.69,8.69,8.72,4.7,5.6,186.0,185.0,,0.0,187.0,186.0,,,,,,,,,186.0,2.3,24.2,,,"89,10,0,0,0,0,0,0,0","1,50,49,0,0","0,86,14,0,0",,,,,80.0,259.0,,73.0,91.0,,,,,,,,,,,,,,,,,,,,,,,,,,,,,,,,,,,10.7,11.0,5.0,24.0,91.0,70.0,1012.0,1.0,,0.0,4,4.0,San Francisco,1,0,U1.609|11:44-U1.609|11:14-U1.609|11:10-U1.609|10:47-U1.609|10:45-U0.042|0:17,,San Francisco ラン,,,4574,Garmin Forerunner 570,726.0,3,22115651007.0,0,1181996,1297494.0,,171191,,143749161.0,,,,,,,,,,,,,,,,,,,,,,,,,,,,,,,,,,,,,,,,,
169563892,0612bd6c-5ebd-4dd6-8800-e90e3b4aeb73,1773129755,-420,1773158222,,1,0,7.79,3104,3152,38.0,41.0,49.0,51.0,0,0.0,0.15,1.05,0.99,,433,148.0,168.0,,158.0,17.0,42.18,28.07,42.41,1,49.85,1728.0,91.0,103.0,3.0,0.0,103.0,101.0,,479.0,,9.0,3.0,84,90.0,9.06,9.07,9.11,5.2,3.6,192.0,192.0,,0.0,194.0,194.0,,,,,,,,,195.0,2.38,25.38,,,"60,33,3,3,0,0,0,0,0","2,10,83,6,0","2,67,31,0,0",,,,,84.0,255.0,,73.0,87.0,,,,,,,,,,,,,,,,,,,,,,,,,,,,,,,,,,,13.1,10.0,7.0,296.0,79.0,31.0,1018.0,0.0,,0.0,2,4.0,San Francisco,1,0,U1.609|11:07-U1.609|10:35-U1.609|10:45-U0.379|2:28-U0.111|0:36-U0.051|0:31-U0.094|0:30-U0.068|0:40-U0.101|0:33-U0.045|0:28-U0.100|0:31-U1.609|10:31-U0.401|2:30,,San Francisco ラン,,,4574,Garmin Forerunner 570,726.0,3,22127604113.0,0,1181996,1297494.0,,171191,,143867948.0,,,,,,,,,,,,,,,,,,,,,,,,,,,,,,,,,,,,,,,,,
169716795,45c46c48-a91c-432b-aeb8-79255a705b78,1773215460,-420,1773245640,1773246560.0,1,0,13.5,4873,4880,47.0,49.0,61.0,62.0,0,0.0,0.07,1.01,,,732,157.0,179.0,,174.0,35.0,44.05,32.95,44.23,1,49.98,2448.0,199.0,102.0,4.1,0.1,102.0,103.0,,775.0,,18.0,3.0,163,89.0,9.99,10.37,10.38,7.4,5.6,211.0,208.0,,0.0,219.0,217.0,,,,,,,,,229.0,2.88,32.23,,,"39,10,3,40,9,0,0,0,0","1,21,28,51,0","5,36,59,0,0",,,,,93.0,247.0,,75.0,81.0,,,,,,,,,,,,,,,,,,,,,,,,,,,,,,,,,,,24.1,10.0,5.0,67.0,84.0,5.0,1027.0,1.0,,0.0,2,4.0,San Francisco,1,0,W1.609|11:03-W0.626|4:11-I1.609|8:24-I0.391|2:04-R0.476|4:00-I1.609|8:18-I0.391|2:00-R0.472|4:00-I1.609|8:17-I0.391|1:59-R0.484|4:00-I1.609|8:19-I0.391|1:57-C1.609|11:15-C0.219|1:26,,"San Francisco - 4 x 2km, 4'",,,4574,Garmin Forerunner 570,726.0,3,22139539515.0,0,1181996,1297497.0,,171191,,144004018.0,,,,,,,,,,,,,,,,,,,,,,,,,,,,,,,,,,,,,,,,,
169854888,c4132ace-44d8-4d6f-a012-ce15885a2409,1773301624,-420,1773330772,,1,0,9.72,3869,3881,34.0,32.0,46.0,45.0,0,0.0,0.1,1.04,,,525,142.0,160.0,,146.0,16.0,44.51,28.58,44.72,1,50.03,1396.0,88.0,99.0,3.0,0.0,99.0,101.0,,606.0,,9.0,3.0,91,90.0,9.08,9.06,9.1,4.7,5.6,192.0,192.0,,0.0,193.0,193.0,,,,,,,,,193.0,2.41,25.75,,,"63,35,2,0,0,0,0,0,0","1,32,67,0,0","0,82,17,0,0",,,,,84.0,255.0,,74.0,88.0,,,,,,,,,,,,,,,,,,,,,,,,,,,,,,,,,,,11.1,11.0,3.0,230.0,85.0,10.0,1027.0,0.0,,0.0,2,4.0,San Francisco,1,0,U1.609|11:04-U1.609|10:43-U1.609|10:57-U1.609|10:31-U1.609|10:26-U1.609|10:23-U0.063|0:26,,San Francisco ラン,,,4574,Garmin Forerunner 570,726.0,3,22150346804.0,0,1181996,1297494.0,,171191,,144130005.0,,,,,,,,,,,,,,,,,,,,,,,,,,,,,,,,,,,,,,,,,
169987347,7f7a98e7-06fd-4607-b5b5-dbfb4b721177,1773390881,-420,1773419484,,1,0,8.22,3286,3351,35.0,34.0,46.0,45.0,0,0.0,0.15,1.05,0.99,,451,144.0,165.0,,158.0,19.0,43.51,28.07,43.74,1,50.1,1164.0,86.0,103.0,3.0,0.0,103.0,100.0,,535.0,,9.0,3.0,81,89.0,9.04,9.05,9.09,2.1,0.8,192.0,190.0,,0.0,193.0,192.0,,,,,,,,,192.0,2.41,25.68,,,"61,32,2,1,2,1,0,0,0","1,15,83,1,0","3,73,24,0,0",,,,,84.0,257.0,,73.0,87.0,,,,,,,,,,,,,,,,,,,,,,,,,,,,,,,,,,,11.9,12.0,3.0,169.0,87.0,68.0,1021.0,1.0,,0.0,4,4.0,San Francisco,1,0,U1.609|11:15-U1.609|10:37-U1.609|10:48-U0.434|2:47-U0.078|0:23-U0.052|0:29-U0.087|0:28-U0.060|0:36-U0.087|0:25-U0.055|0:33-U0.153|0:43-U0.069|0:44-U0.095|0:27-U1.609|10:41-U0.614|3:51,,San Francisco ラン,,,4574,Garmin Forerunner 570,726.0,3,22161423595.0,0,1181996,1297494.0,,171191,,144247477.0,,,,,,,,,,,,,,,,,,,,,,,,,,,,,,,,,,,,,,,,,
170126799,f8ec4215-9e0d-4e40-a7b0-e610cb2bc959,1773477480,-420,1773512961,1773513115.0,1,0,27.37,9919,10005,52.0,64.0,76.0,92.0,0,0.0,0.04,,,,1507,162.0,176.0,,167.0,14.0,41.95,34.55,42.03,1,50.09,4326.0,306.0,100.0,5.0,0.0,100.0,99.0,,1787.0,,17.0,3.0,347,92.0,9.93,9.96,9.96,0.2,0.4,207.0,207.0,,0.0,208.0,208.0,,,,,,,,,215.0,2.75,30.4,,,"8,44,44,3,0,0,0,0,0","0,1,27,72,0","0,26,73,0,0",,,,,90.0,246.0,,75.0,83.0,,,,,,,,,,,,,,,,,,,,,,,,,,,,,,,,,,,20.2,13.0,8.0,278.0,74.0,14.0,1019.0,2.0,,0.0,2,4.0,,1,0,W1.609|10:36-I1.609|9:54-I1.609|9:57-I1.609|10:01-I1.609|10:06-I1.609|9:54-I1.609|9:41-I1.609|9:44-I1.609|9:39-I1.609|9:38-I1.609|9:44-I1.609|9:34-I1.609|9:33-I1.609|9:28-I1.609|9:19-I1.609|9:22-I1.609|9:03-I0.023|0:08,,San Mateo County ラン,,,4574,Garmin Forerunner 570,726.0,3,22173788244.0,0,1181996,1297500.0,,171191,,144375362.0,,,,,,,,,,,,,,,,,,,,,,,,,,,,,,,,,,,,,,,,,
170366724,7a923fbe-29a4-4520-9648-fa10427f63a7,1773649834,-420,1773678272,,1,0,7.38,3127,3179,37.0,35.0,49.0,46.0,0,0.0,0.22,1.03,0.99,,395,135.0,153.0,,152.0,13.0,43.82,25.96,44.1,1,50.08,1429.0,57.0,,2.5,0.0,98.0,100.0,,559.0,,7.0,3.0,66,89.0,8.54,8.52,8.57,4.6,4.8,183.0,182.0,,0.0,184.0,183.0,,,,,,,,,183.0,2.24,23.46,,,"94,6,0,0,0,0,0,0,0","1,67,32,0,0","0,88,12,0,0",,,,,80.0,262.0,,74.0,93.0,,,,,,,,,,,,,,,,,,,,,,,,,,,,,,,,,,,8.8,13.0,,0.0,74.0,,1018.0,0.0,,0.0,3,5.0,San Francisco,1,0,U1.609|11:50-U1.609|11:28-U1.609|11:19-U1.609|11:08-U0.946|6:22,,San Francisco ラン,,,4574,Garmin Forerunner 570,726.0,3,22193281920.0,0,1181996,1297494.0,,171191,,144595346.0,,,,,,,,,,,,,,,,,,,,,,,,,,,,,,,,,,,,,,,,,
170504002,783e42cd-5330-4ac4-bb92-2e7513f71ec4,1773735028,-420,1773764529,,1,0,9.15,3900,3951,61.0,62.0,72.0,72.0,0,0.1,0.29,1.0,1.0,,495,139.0,163.0,84.0,160.0,22.0,42.0,26.19,42.34,1,50.09,1048.0,73.0,100.0,2.8,0.0,100.0,99.0,,711.0,,9.0,2.0,88,87.0,8.49,8.48,8.55,3.2,0.9,183.0,182.0,,0.0,185.0,184.0,,,,,,,,,191.0,2.27,23.83,,,"92,6,1,1,1,0,0,0,0","1,54,44,0,0","1,81,18,0,0",,,,,81.0,262.0,,74.0,91.0,,,,,,,,,,,,,,,,,,,,,,,,,,,,,,,,,,,10.2,16.0,4.0,0.0,78.0,4.0,1017.0,1.0,,0.0,2,4.0,San Francisco,1,0,U1.609|11:43-U1.609|11:15-U1.609|11:22-U1.609|11:21-U0.552|4:17-U0.102|0:31-U0.048|0:29-U0.097|0:31-U1.609|11:31-U0.304|2:00,,San Francisco ラン,,,4574,Garmin Forerunner 570,726.0,3,22204629111.0,0,1181996,1297494.0,,171191,,144720630.0,,,,,,,,,,,,,,,,,,,,,,,,,,,,,,,,,,,,,,,,,
170640449,6ff74fe6-646f-46c5-afc1-715f76655435,1773818340,-420,1773850228,1773850297.0,1,0,17.62,6287,6373,49.0,53.0,71.0,74.0,0,0.0,0.11,1.01,0.93,,974,162.0,179.0,,179.0,22.0,42.76,34.12,42.9,1,50.16,3456.0,261.0,102.0,4.7,0.0,102.0,101.0,,1167.0,,18.0,3.0,226,91.0,10.11,10.3,10.32,5.5,5.9,212.0,212.0,,0.0,216.0,216.0,,,,,,,,,225.0,2.89,32.38,,,"30,18,8,44,1,0,0,0,0","1,11,21,68,0","2,34,64,0,0",,,,,92.0,246.0,,76.0,83.0,,,,,,,,,,,,,,,,,,,,,,,,,,,,,,,,,,,25.3,15.0,8.0,337.0,84.0,2.0,1017.0,1.0,,0.0,2,4.0,San Francisco,1,0,W1.609|11:28-W0.692|4:49-I1.609|8:41-I0.391|2:06-R0.998|6:31-I1.609|8:38-I0.391|2:05-R0.998|6:27-I1.609|8:32-I0.391|2:05-R0.998|6:27-I1.609|8:40-I0.391|2:03-R0.998|6:28-I1.609|8:30-I0.391|2:03-C1.320|9:14,,"San Francisco - 5 x 2km, 1km",,,4574,Garmin Forerunner 570,726.0,3,22216233386.0,0,1181996,1297497.0,,171191,,144848107.0,,,,,,,,,,,,,,,,,,,,,,,,,,,,,,,,,,,,,,,,,
170773574,bf00e19c-b43c-48c8-b4eb-810dcefb1403,1773906672,-420,1773935406,,1,0,8.44,3437,3482,37.0,36.0,45.0,44.0,0,0.0,0.14,1.02,0.94,,471,145.0,167.0,,146.0,17.0,42.15,27.51,42.39,1,50.16,1971.0,84.0,101.0,3.0,0.0,101.0,99.0,,583.0,,9.0,3.0,87,90.0,8.87,8.86,8.9,6.0,7.2,189.0,188.0,,0.0,190.0,190.0,,,,,,,,,188.0,2.35,24.86,,,"82,16,1,0,0,0,0,0,0","1,17,80,3,0","0,84,15,0,0",,,,,82.0,258.0,,74.0,90.0,,,,,,,,,,,,,,,,,,,,,,,,,,,,,,,,,,,12.9,14.0,4.0,350.0,78.0,3.0,1019.0,0.0,,0.0,2,4.0,San Francisco,1,0,U1.609|11:21-U1.609|10:53-U1.609|10:51-U1.609|10:37-U1.609|10:57-U0.397|2:38,,San Francisco ラン,,,4574,Garmin Forerunner 570,726.0,3,22227611862.0,0,1181996,1297494.0,,171191,,144966758.0,,,,,,,,,,,,,,,,,,,,,,,,,,,,,,,,,,,,,,,,,
170899977,bf65d593-75dc-4b50-ad61-a40416dee171,1773994914,-420,1774023751,,1,0,8.37,3546,3568,39.0,38.0,47.0,47.0,0,0.0,0.11,1.02,1.02,,477,151.0,163.0,,160.0,18.0,38.08,26.21,38.3,1,50.11,1257.0,84.0,100.0,2.9,0.0,100.0,94.0,,646.0,,9.0,2.0,99,88.0,8.54,8.55,8.57,6.8,6.7,182.0,181.0,,0.0,183.0,182.0,,,,,,,,,182.0,2.26,23.68,,,"93,6,0,0,0,0,0,0,0","1,8,89,2,0","2,86,11,0,0",,,,,80.0,261.0,,73.0,91.0,,,,,,,,,,,,,,,,,,,,,,,,,,,,,,,,,,,12.3,18.0,5.0,83.0,73.0,0.0,1015.0,1.0,,0.0,2,4.0,San Francisco,1,0,U1.609|11:20-U1.609|11:04-U1.609|11:15-U1.609|11:16-U1.609|11:38-U0.325|2:33,,San Francisco ラン,,,4574,Garmin Forerunner 570,726.0,3,22239354771.0,0,1181996,1297494.0,,171191,,145081787.0,,,,,,,,,,,,,,,,,,,,,,,,,,,,,,,,,,,,,,,,,
171031109,6daaa418-52d3-4c72-aa92-2f97a2726234,1774081980,-420,1774116667,1774118260.0,1,0,26.17,9330,9376,38.0,54.0,56.0,74.0,0,0.0,0.04,,,,1459,167.0,181.0,,181.0,47.0,40.96,35.13,41.0,1,50.14,4320.0,351.0,99.0,5.0,0.0,99.0,100.0,,1865.0,,19.0,3.0,360,92.0,10.09,10.22,10.21,5.6,4.1,212.0,211.0,,0.0,215.0,215.0,,,,,,,,,225.0,2.83,31.54,,,"19,16,46,20,0,0,0,0,0","0,2,12,85,0","2,26,72,0,0",,,,,91.0,245.0,,75.0,82.0,,,,,,,,,,,,,,,,,,,,,,,,,,,,,,,,,,,25.9,18.0,3.0,321.0,66.0,74.0,1015.0,2.0,,0.0,4,4.0,,1,0,W1.609|10:44-W0.039|0:16-I1.609|9:03-I1.390|7:46-R0.998|6:25-I1.609|9:05-I1.390|7:47-R0.998|6:26-I1.609|9:06-I1.390|7:42-R0.998|6:27-I1.609|9:00-I1.390|7:46-R0.998|6:26-I1.609|9:00-I1.390|7:49-R0.998|7:13-I1.609|9:00-I1.390|7:46-C1.519|10:43,,"San Mateo County - 6 x 3 km, 1km",,,4574,Garmin Forerunner 570,726.0,3,22252314385.0,0,1181996,1297500.0,,171191,,145200280.0,,,,,,,,,,,,,,,,,,,,,,,,,,,,,,,,,,,,,,,,,
171257265,ed59af1a-a2b9-4669-aa34-331348a53bc8,1774252518,-420,1774281619,,1,0,8.17,3459,3565,41.0,39.0,49.0,48.0,0,0.0,0.15,1.07,0.98,,443,140.0,161.0,,156.0,18.0,41.98,26.18,42.25,1,50.12,1235.0,66.0,102.0,2.6,0.0,102.0,97.0,,547.0,,7.0,3.0,81,90.0,8.53,8.51,8.58,3.2,3.5,183.0,182.0,,0.0,184.0,184.0,,,,,,,,,183.0,2.25,23.61,,,"96,4,0,0,0,0,0,0,0","1,42,57,0,0","1,88,12,0,0",,,,,79.0,259.0,,72.0,91.0,,,,,,,,,,,,,,,,,,,,,,,,,,,,,,,,,,,10.7,12.0,6.0,223.0,81.0,21.0,1018.0,1.0,,0.0,2,4.0,San Francisco,1,0,U1.609|11:28-U1.609|11:20-U1.609|11:46-U1.609|11:18-U1.609|10:58-U0.123|0:49,,San Francisco ラン,,,4574,Garmin Forerunner 570,726.0,3,22272627321.0,0,1181996,1297494.0,,171191,,145403300.0,,,,,,,,,,,,,,,,,,,,,,,,,,,,,,,,,,,,,,,,,
171399580,7b64fc67-c1f8-45cd-9b60-f79db629f774,1774339042,-420,1774367857,,1,0,8.08,3244,3322,43.0,40.0,47.0,42.0,0,0.0,0.12,1.08,0.97,,454,149.0,168.0,,161.0,14.0,41.42,27.89,41.71,1,50.14,1222.0,96.0,102.0,3.1,0.0,102.0,98.0,,542.0,,9.0,3.0,90,90.0,9.01,9.01,9.07,2.9,2.1,192.0,191.0,,0.0,193.0,193.0,,,,,,,,,194.0,2.37,25.23,,,"79,16,2,2,2,0,0,0,0","1,9,78,12,0","1,78,21,0,0",,,,,83.0,256.0,,74.0,89.0,,,,,,,,,,,,,,,,,,,,,,,,,,,,,,,,,,,14.0,14.0,3.0,157.0,65.0,0.0,1018.0,0.0,,0.0,2,4.0,San Francisco,1,0,U1.609|11:14-U1.609|10:57-U1.609|11:05-U0.147|1:00-U0.092|0:28-U0.101|0:40-U0.093|0:28-U0.098|0:40-U0.093|0:30-U0.308|2:02-U0.097|0:30-U0.303|2:00-U0.117|0:35-U1.609|10:42-U0.194|1:15,,San Francisco ラン,,,4574,Garmin Forerunner 570,726.0,3,22284477834.0,0,1181996,1297494.0,,171191,,145531814.0,,,,,,,,,,,,,,,,,,,,,,,,,,,,,,,,,,,,,,,,,
171547360,9e75c037-d016-4c75-bf3f-8fd11ff7416b,1774424520,-420,1774455139,1774455226.0,1,0,14.44,5190,5275,39.0,36.0,60.0,57.0,0,0.0,0.06,1.03,0.94,,795,163.0,183.0,,182.0,28.0,41.99,33.28,42.14,1,50.18,2880.0,257.0,102.0,4.5,1.0,102.0,101.0,,890.0,,19.0,3.0,190,90.0,10.04,10.46,10.49,8.9,6.3,211.0,209.0,,0.0,221.0,220.0,,,,,,,,,235.0,2.93,33.0,,,"43,9,1,30,17,1,0,0,0","1,7,34,49,9","6,38,56,0,0",,,,,93.0,243.0,,74.0,80.0,,,,,,,,,,,,,,,,,,,,,,,,,,,,,,,,,,,27.9,14.0,6.0,226.0,79.0,37.0,1019.0,1.0,,0.0,2,4.0,San Francisco,1,0,W1.609|11:10-W0.824|5:37-I1.609|8:15-I1.390|7:09-R0.513|4:00-I1.609|8:11-I0.391|1:58-R0.505|4:00-I1.609|8:05-I0.391|1:57-R0.483|4:00-I0.998|4:44-C1.609|11:43-C0.879|5:40,,San Francisco - 3-2-2-1 km,,,4574,Garmin Forerunner 570,726.0,3,22296299599.0,0,1181996,1297496.0,,171191,,145667167.0,,,,,,,,,,,,,,,,,,,,,,,,,,,,,,,,,,,,,,,,,
171673366,c2bf0885-1030-44cc-bfb8-037d55424539,1774512006,-420,1774541080,,1,0,9.2,3830,3830,38.0,36.0,47.0,46.0,0,0.0,0.09,1.01,0.97,,518,148.0,163.0,,163.0,12.0,39.95,26.96,40.17,1,50.14,1611.0,84.0,101.0,3.0,0.0,101.0,96.0,,577.0,,9.0,3.0,102,90.0,8.69,8.67,8.7,2.8,3.6,185.0,185.0,,0.0,186.0,186.0,,,,,,,,,185.0,2.31,24.34,,,"90,9,0,0,0,0,0,0,0","0,5,93,2,0","1,86,13,0,0",,,,,80.0,259.0,,73.0,91.0,,,,,,,,,,,,,,,,,,,,,,,,,,,,,,,,,,,11.2,11.0,5.0,94.0,82.0,90.0,1019.0,1.0,,0.0,4,4.0,San Francisco,1,0,U1.609|11:32-U1.609|11:15-U1.609|11:13-U1.609|11:00-U1.609|11:03-U1.155|7:47,,San Francisco ラン,,,4574,Garmin Forerunner 570,726.0,3,22307050967.0,0,1181996,1297494.0,,171191,,145783033.0,,,,,,,,,,,,,,,,,,,,,,,,,,,,,,,,,,,,,,,,,
171789476,e1a440dc-1164-4c01-ae65-c58b9c07d8f2,1774598024,-420,1774626933,,1,0,9.18,3559,3645,36.0,35.0,48.0,45.0,0,0.0,0.13,1.02,1.01,,520,152.0,170.0,,167.0,19.0,42.13,29.36,42.34,1,50.17,1396.0,127.0,101.0,3.4,0.0,101.0,100.0,,619.0,,11.0,3.0,107,90.0,9.32,9.34,9.37,3.3,2.5,198.0,197.0,,0.0,199.0,199.0,,,,,,,,,201.0,2.48,26.72,,,"44,43,9,2,2,0,0,0,0","1,9,68,22,0","2,62,36,0,0",,,,,86.0,253.0,,74.0,86.0,,,,,,,,,,,,,,,,,,,,,,,,,,,,,,,,,,,16.1,12.0,7.0,115.0,80.0,93.0,1015.0,0.0,,0.0,4,4.0,San Francisco,1,0,U1.609|10:59-U1.609|10:27-U1.609|10:35-U1.165|7:32-U0.097|0:30-U0.121|0:57-U0.102|0:30-U0.251|1:36-U0.095|0:31-U0.154|1:00-U0.106|0:31-U0.152|1:00-U0.102|0:30-U1.609|10:13-U0.401|2:28,,San Francisco ラン,,,4574,Garmin Forerunner 570,726.0,3,22317502883.0,0,1181996,1297494.0,,171191,,145885090.0,,,,,,,,,,,,,,,,,,,,,,,,,,,,,,,,,,,,,,,,,
171940850,92993ceb-4032-4c72-9a57-99bbb16d9fe6,1774685820,-420,1774723307,1774723412.0,1,0,30.59,11108,11180,42.0,57.0,73.0,118.0,0,0.0,0.03,,,,1666,160.0,170.0,,168.0,10.0,42.59,34.68,42.63,1,50.24,4320.0,321.0,101.0,5.0,0.0,101.0,101.0,,2008.0,,19.0,2.0,378,93.0,9.91,9.93,9.93,5.0,6.1,207.0,207.0,,0.0,207.0,207.0,,,,,,,,,210.0,2.72,30.03,,,"6,49,44,1,0,0,0,0,0","0,2,34,64,0","0,23,77,0,0",,,,,89.0,246.0,,75.0,84.0,,,,,,,,,,,,,,,,,,,,,,,,,,,,,,,,,,,17.9,15.0,6.0,226.0,77.0,11.0,1017.0,2.0,,0.0,2,4.0,,1,0,W1.609|10:27-I1.609|9:46-I1.609|9:45-I1.609|9:47-I1.609|9:47-I1.609|9:35-I1.609|9:34-I1.609|9:27-I1.609|9:33-I1.609|9:36-I1.609|9:40-I1.609|9:39-I1.609|9:40-I1.609|9:46-I1.609|9:43-I1.609|9:44-I1.609|9:51-I1.609|9:54-I1.609|9:48-I0.023|0:07,,San Mateo County ラン,,,4574,Garmin Forerunner 570,726.0,3,22330380845.0,0,1181996,1297500.0,,171191,,146023540.0,,,,,,,,,,,,,,,,,,,,,,,,,,,,,,,,,,,,,,,,,
172181014,13d8483c-594b-484b-aba5-1c6ddcb7f43c,1774858061,-420,1774886585,,1,0,6.58,2946,2946,31.0,32.0,40.0,40.0,0,0.0,0.18,0.99,1.04,,356,132.0,158.0,,127.0,39.0,42.02,24.07,42.26,1,50.24,1374.0,50.0,,2.3,0.0,98.0,100.0,,457.0,,9.0,1.0,60,87.0,8.06,8.18,8.22,2.9,1.8,171.0,171.0,,0.0,176.0,176.0,,,,,,,,,178.0,2.16,22.36,,,"94,5,0,0,0,0,0,0,0","4,69,27,0,0","10,76,14,0,0",,,,,77.0,261.0,,70.0,91.0,,,,,,,,,,,,,,,,,,,,,,,,,,,,,,,,,,,9.2,14.0,6.0,234.0,73.0,92.0,1013.0,0.0,,0.0,4,4.0,San Francisco,1,0,U1.609|11:44-U1.609|13:15-U1.609|11:43-U1.609|11:29-U0.138|0:53,,San Francisco ラン,,,4574,Garmin Forerunner 570,726.0,3,22350105082.0,0,1181996,1297494.0,,171191,,146242804.0,,,,,,,,,,,,,,,,,,,,,,,,,,,,,,,,,,,,,,,,,
172298502,6fd0b325-02de-467f-ae24-a9158c95d27b,1774941620,-420,1774969508,,1,0,6.46,2603,2640,34.0,31.0,40.0,36.0,0,0.0,0.13,1.0,0.98,,365,147.0,164.0,,158.0,14.0,41.97,27.33,42.26,1,50.24,1106.0,83.0,100.0,2.9,0.0,100.0,99.0,,441.0,,9.0,3.0,71,90.0,8.99,8.97,9.01,3.0,3.3,191.0,190.0,,0.0,192.0,191.0,,,,,,,,,191.0,2.34,24.71,,,"70,25,4,0,0,0,0,0,0","1,15,77,7,0","1,76,23,0,0",,,,,83.0,256.0,,73.0,88.0,,,,,,,,,,,,,,,,,,,,,,,,,,,,,,,,,,,14.5,14.0,11.0,190.0,86.0,98.0,1012.0,0.0,,0.0,4,4.0,San Francisco,1,0,U1.609|11:28-U1.609|10:45-U1.609|10:41-U1.609|10:20-U0.027|0:09,,San Francisco ラン,,,4574,Garmin Forerunner 570,726.0,3,22361036417.0,0,1181996,1297494.0,,171191,,146344740.0,,,,,,,,,,,,,,,,,,,,,,,,,,,,,,,,,,,,,,,,,
